epoch,phase,split,total_loss,dice,classification_accuracy,balanced_accuracy,macro_f1,lesion_recall,segmentation_precision,empty_prediction_rate,missed_target_rate,pred_gt_area_ratio,localization_hit_rate,box_iou,checkpoint_score,learning_rate,loss_components.segmentation,loss_components.focal_bce,loss_components.tversky,loss_components.boundary,loss_components.classification,loss_components.total,loss_components.common_checkpoint_score,loss_components.phase_selection_score
1,standard,train,1.3706499898433686,0.09088978192303329,0.50625,0.49539141690480804,0.347073712485149,0.6719162027537823,0.08002493102627341,0.0225,0.1225,66.04809987148889,0.8775,0.008729885589745768,0.0,8e-05,0.6733897149562835,0.11665552970021963,0.9882972127199173,0.01832668622024357,0.6640574368834495,1.3706499898433686,,
1,standard,validation,1.5174793884867714,0.13933499945726777,0.25297619047619047,0.5,0.20190023752969122,0.7000008240741279,0.1268831571297986,0.020833333333333332,0.12797619047619047,9.84195642271485,0.8720238095238095,0.01440282547219792,0.3009249859957453,0.0,0.6515772569747198,0.05344552134296724,0.9802493665899549,0.010538133193871804,0.8246687288795199,1.5174793884867714,0.3009249859957453,0.3009249859957453
2,standard,train,1.291029606461525,0.14857672654092313,0.505,0.5062281639260245,0.3485984998026056,0.6390657505393028,0.15758251642808319,0.05875,0.2025,8.191732355106328,0.7975,0.016096440369411956,0.0,7.99957478687904e-05,0.629476535320282,0.0544651335850358,0.9462050312757492,0.008270021029748022,0.63005057066679,1.291029606461525,,
2,standard,validation,1.5599335034688313,0.22878930553722307,0.25297619047619047,0.5,0.20190023752969122,0.26575089784293826,0.412094845345532,0.14285714285714285,0.5119047619047619,0.4459174764652293,0.4880952380952381,0.043036814599148356,0.28297020037622134,0.0,0.6345583704255876,0.3096476601148468,0.8566175599892935,0.0034506453251067016,0.8813096838338035,1.5599335034688313,0.20296486400206537,0.28297020037622134
3,standard,train,1.1478717827796936,0.26327359180897475,0.565,0.5517715944349915,0.4498502106536191,0.5080977318435907,0.35263468220829963,0.13375,0.29125,2.1398960319762357,0.70875,0.040250019329318626,0.0,7.998299242677312e-05,0.5219061172008514,0.19086852399632334,0.7285236757993698,0.006486163351219147,0.5961578091979027,1.1478717827796936,,
3,standard,validation,1.3589198702857608,0.17965737162773626,0.5148809523809523,0.6752988047808766,0.5148422759042228,0.1709730489216604,0.738489292343212,0.4791666666666667,0.6607142857142857,0.20354255238384453,0.3392857142857143,0.07419750615331047,0.26540914287947964,0.0,0.638011233437629,0.3974946549694453,0.8282346101034255,0.0028509790621077022,0.6865796780302411,1.3589198702857608,0.21488685218589026,0.26540914287947964
4,standard,train,1.0622162610292434,0.33294932372868064,0.6375,0.6277149434491042,0.5885240784358239,0.5487544718384743,0.3907755134999752,0.1025,0.25,1.854562958887878,0.75,0.06265401384913322,0.0,7.996173652856996e-05,0.46739639043807985,0.17593621449545027,0.6504851812124253,0.005969861410558224,0.566495147049427,1.0622162610292434,,
4,standard,validation,1.4552039390518552,0.3299301565811359,0.3273809523809524,0.549800796812749,0.3052261747913922,0.565689353302555,0.31324944706361607,0.03273809523809524,0.20833333333333334,1.4888969025204981,0.7916666666666666,0.032452090912357956,0.2747422714480988,0.0,0.4887134092194693,0.27750472389605074,0.6443016600041163,0.005411631203190025,0.9204672234398978,1.4552039390518552,0.3497806460732532,0.2747422714480988
5,standard,train,1.0274868142604827,0.38031659364700315,0.6125,0.608282544147523,0.5601464286727773,0.5650008475780487,0.47757690712809564,0.14875,0.27875,1.6177557793312995,0.72125,0.08823933829601739,0.0,7.993198493117394e-05,0.42813093155622484,0.15024212907999754,0.5998837894201279,0.006459485613740981,0.5708151540160179,1.0274868142604827,,
5,standard,validation,1.3003326597667875,0.3798583753682803,0.44047619047619047,0.6254980079681275,0.4380671102729246,0.4612245241246124,0.6149915394683679,0.20238095238095238,0.35119047619047616,0.8827247191011236,0.6488095238095238,0.13705322052993538,0.2825083576634586,0.0,0.47934213191980407,0.3087794500890942,0.6181761608237312,0.003327845318597697,0.7818957804923966,1.3003326597667875,0.3554942284271136,0.2825083576634586
6,standard,train,1.0171013659238815,0.38688041239976884,0.63125,0.6312500000000001,0.5937695261734638,0.5802254278957844,0.4504588747769594,0.10875,0.24375,1.7128332814607325,0.75625,0.09057501420457754,0.0,7.989374429288484e-05,0.42299289390444755,0.1514186736382544,0.5916146755218505,0.005887004139367491,0.5658176124095917,1.0171013659238815,,
6,standard,validation,1.188474484852382,0.363836783075328,0.48214285714285715,0.6417154909772674,0.48212450837969034,0.4055527311619996,0.6632310861632937,0.23214285714285715,0.37797619047619047,0.8615481703613727,0.6220238095238095,0.1718010561185944,0.286575196718988,0.0,0.4807846746629193,0.24141253570892982,0.6463091430209932,0.003306067296459029,0.6739903191725413,1.188474484852382,0.34516442703597683,0.286575196718988
7,standard,train,0.9549308079481125,0.4248963264375925,0.6525,0.656697756995324,0.6251752777478158,0.6025479604303837,0.48019868761301043,0.1025,0.24375,1.6974784169232873,0.75625,0.13646670904651198,0.0,7.984702317181909e-05,0.3894286234676838,0.12856165902689098,0.548661539554596,0.006582219991832972,0.5385735353827477,0.9549308079481125,,
7,standard,validation,1.2760639360972814,0.32639232841648447,0.4166666666666667,0.6056714319193813,0.4125874125874126,0.5432932617763107,0.4490911996080762,0.16071428571428573,0.32142857142857145,1.9887782796841786,0.6785714285714286,0.08821734321744001,0.29254556145882255,0.0,0.4715272369129317,0.214974852367526,0.6420038796606518,0.004810214696806811,0.7662254618037314,1.2760639360972814,0.3534380348664813,0.29254556145882255
8,standard,train,0.9235402417182922,0.44026565477252005,0.665,0.6614158462259728,0.6330677181741011,0.6111883094906807,0.4694042624533176,0.08375,0.215,1.8087916142418596,0.785,0.1564026752699883,0.0,7.979183202399439e-05,0.3809524986147881,0.13465020563453436,0.5332704210281372,0.0066418576217256485,0.5167502567172051,0.9235402417182922,,
8,standard,validation,1.0861114022277651,0.3593490833599464,0.6755952380952381,0.7673072416217483,0.6629827644909866,0.6176999920275051,0.3579808710409062,0.05654761904761905,0.23214285714285715,2.0590409580929245,0.7678571428571429,0.05734964965964186,0.3117871115390864,0.0,0.4417428892283213,0.17741284435171456,0.610392560561498,0.006345289806458389,0.6136843200240817,1.0861114022277651,0.4626018006971969,0.3117871115390864
9,standard,train,0.915519168972969,0.4480121375620365,0.68375,0.6802843139706434,0.6642062808688829,0.6247586831450462,0.5189897559583188,0.1175,0.2225,1.662172348595274,0.7775,0.152858575594859,0.0,7.972818320098983e-05,0.3723037758469582,0.12123711194843054,0.5252174651622772,0.0060315623716451225,0.517348013818264,0.915519168972969,,
9,standard,validation,1.1078245015371413,0.32045816710626357,0.7232142857142857,0.7797281462385751,0.7013047842087654,0.3354271414422734,0.7370063786705335,0.3333333333333333,0.4791666666666667,0.6997750911023383,0.5208333333333334,0.17857056697460832,0.31151231427090964,0.0,0.5299822478776887,0.33976873881848796,0.6842008233070374,0.0030954272092674814,0.5503259804986772,1.1078245015371413,0.3634267252993636,0.31151231427090964
10,standard,train,0.8781665349006653,0.45206130534410477,0.6975,0.6775445016631141,0.6653390861820998,0.627956618219614,0.4812851670384407,0.085,0.215,1.748354611456659,0.785,0.15734497929409968,0.0,7.965609094718153e-05,0.3705675207078457,0.12387670002877713,0.5214600193500519,0.0064934509270824494,0.4834276486933231,0.8781665349006653,,
10,standard,validation,1.1661362846692402,0.40225703134400753,0.6190476190476191,0.7100070307007265,0.6081632653061224,0.5378269818725707,0.5162185934327898,0.13690476190476192,0.30952380952380953,1.449779836015791,0.6904761904761905,0.1510180271711406,0.3245090688840431,0.0,0.4372589495033026,0.24265868245579658,0.5787198061034793,0.004264218436132762,0.6941689188991275,1.1661362846692402,0.4279862588566371,0.3245090688840431
11,standard,train,0.8669464126229286,0.48463551938533783,0.69625,0.6951236280907023,0.679478195778807,0.6587057909369469,0.5176856474578381,0.08625,0.19,1.8460736759443628,0.81,0.1990130491903596,0.0,7.957557139655489e-05,0.3422018222510815,0.10777748198248446,0.4841215497255325,0.005784557871520519,0.4997567771375179,0.8669464126229286,,
11,standard,validation,1.2741719278551282,0.3538164107182823,0.5446428571428571,0.687438481368643,0.5434742067544647,0.4354365027565977,0.6154663208428592,0.24107142857142858,0.41369047619047616,0.8198878302459763,0.5863095238095238,0.17164104122273796,0.3247119054877502,0.0,0.5040835342591717,0.3639213452891757,0.6350250059650058,0.003369548906838255,0.733417557818549,1.2741719278551282,0.36313390819655966,0.3247119054877502
12,standard,train,0.8419730478525161,0.45764994993805885,0.74625,0.7432109724688054,0.7341013394808754,0.6253813344240189,0.5043474270403385,0.0975,0.235,1.5742079691505744,0.765,0.1815792062032914,0.0,7.948664256909382e-05,0.36385479152202604,0.12117860075086355,0.5122303766012192,0.006104076406918466,0.45535073935985565,0.8419730478525161,,
12,standard,validation,1.2625667048352105,0.38520481189960637,0.5744047619047619,0.6451136629950784,0.5608645980898415,0.5182268521226837,0.5571295996861798,0.1875,0.36904761904761907,1.4369875493470998,0.6309523809523809,0.1754383641090833,0.32994941246176934,0.0,0.4369074492937043,0.1967940487943235,0.5958292739731925,0.0041992326732724905,0.786342183748881,1.2625667048352105,0.39061816487833917,0.32994941246176934
13,standard,train,0.8249469947814941,0.4834721358120441,0.74375,0.7344226661404795,0.7292724196277496,0.6467114436626434,0.5295384642481804,0.0975,0.21625,1.6528074470882081,0.78375,0.20148272057942837,0.0,7.938932436674793e-05,0.34457779824733736,0.10813804868608713,0.4876302361488342,0.005836467845365405,0.4574944946169853,0.8249469947814941,,
13,standard,validation,1.123694734204383,0.3972166578576792,0.6785714285714286,0.7615186313569253,0.6639875550946331,0.578659296196108,0.4902310283810255,0.10119047619047619,0.2261904761904762,1.5071980337078652,0.7738095238095238,0.1425767720901178,0.34458282144823826,0.0,0.4297195257885115,0.19617284428594367,0.5849405484540122,0.0046497059215436735,0.6609288024760428,1.123694734204383,0.46224514470353406,0.34458282144823826
14,standard,train,0.7604269528388977,0.5094010242819786,0.775,0.7746173413583834,0.7694613079228464,0.6649035328626632,0.57253715634346,0.10875,0.2025,1.5370005762581636,0.7975,0.21447720336247264,0.0,7.928363856897856e-05,0.32431424632668493,0.09298141537234188,0.4623468792438507,0.005434327509719878,0.41534545212984086,0.7604269528388977,,
14,standard,validation,1.3685813361690158,0.2847801740793143,0.5327380952380952,0.6055542535739395,0.52171902624779,0.30378200606170197,0.7051352257402896,0.37202380952380953,0.5297619047619048,0.4510182584269663,0.47023809523809523,0.179633411273998,0.3264080558617329,0.0,0.5912796805302302,0.5064772706744927,0.7144077022870382,0.002953773741388605,0.7402873301789874,1.3685813361690158,0.27792522951666254,0.3264080558617329
15,standard,train,0.7608350467681885,0.5091461169719697,0.7925,0.7871381630417775,0.7861362157705216,0.6544276517629624,0.532223651856184,0.07,0.19875,1.6480165642357116,0.80125,0.20172414984304773,0.0,7.916960882788462e-05,0.3295185673981905,0.10932396642863751,0.46399261832237243,0.005923835004214197,0.4107776229083538,0.7608350467681885,,
15,standard,validation,1.077341500492323,0.4249453166279982,0.6845238095238095,0.7382704476212796,0.6624075829383886,0.5112831614110499,0.6224266856554008,0.20535714285714285,0.33035714285714285,0.8054395687822654,0.6696428571428571,0.17650770954901399,0.3371104097886599,0.0,0.4353740345686674,0.2812328920477912,0.5611243262177422,0.003350103714702917,0.6113976238384133,1.077341500492323,0.4365768828070523,0.3371104097886599
16,standard,train,0.7429257488250732,0.5087249170243741,0.78625,0.7781328320802006,0.777227359997655,0.6514302223920823,0.5780843475461006,0.1175,0.22125,1.458262928141893,0.77875,0.24133118472480913,0.0,7.90472606629093e-05,0.32927776023745536,0.10949021004140377,0.46365122616291043,0.005319195371121168,0.3939504812657833,0.7429257488250732,,
16,standard,validation,1.1732230810892015,0.35564038348310684,0.7023809523809523,0.785235528474338,0.6872090858313163,0.397150349245047,0.6986659541726112,0.28869047619047616,0.39880952380952384,0.5701155860917096,0.6011904761904762,0.1996217416391316,0.33851376929034027,0.0,0.5026296651256936,0.3433201155359192,0.640765464022046,0.003020916111944687,0.6386604206193061,1.1732230810892015,0.3946881534635065,0.33851376929034027
17,standard,train,0.7717988085746765,0.5000297150015831,0.77875,0.7814875950380152,0.775448745700462,0.6505984842777253,0.5371533951163292,0.08875,0.1975,1.50624934561826,0.8025,0.21932979056512,0.0,7.891662145512896e-05,0.33000806644558905,0.09504963132552803,0.4702925682067871,0.005555023320484906,0.42075310796499255,0.7717988085746765,,
17,standard,validation,1.1727364687692552,0.41864606779525654,0.6160714285714286,0.7080149988282165,0.6055009966233128,0.5330976246884551,0.5264156101537603,0.08630952380952381,0.23809523809523808,0.9856561266322502,0.7619047619047619,0.1374700577141933,0.34848710071249106,0.0,0.4324675988228548,0.26089764502830803,0.5643935132594335,0.0038742454877744117,0.7050180122965858,1.1727364687692552,0.4403111373925511,0.34848710071249106
18,standard,train,0.7431898149847984,0.5216735470294952,0.805,0.8070940961716386,0.8017776478884873,0.6665070360898971,0.5698870798945427,0.09875,0.1925,1.6144296516938066,0.8075,0.240621414026295,0.0,7.877772044112534e-05,0.3189835099875927,0.10192314157262444,0.4506475734710693,0.005818120599724352,0.4040060231089592,0.7431898149847984,,
18,standard,validation,0.8882042737234206,0.5007949028258334,0.7619047619047619,0.7161471760018748,0.7026417098101686,0.6345551257248957,0.5383825468875113,0.06845238095238096,0.2113095238095238,1.1989257515942908,0.7886904761904762,0.18496245096754255,0.366070071093728,0.0,0.3541532504771437,0.1678066083917483,0.4797195664473942,0.0038389639563060234,0.5086200382737887,0.8882042737234206,0.5047930448074867,0.366070071093728
19,standard,train,0.6913311037421227,0.5179426062107086,0.82625,0.828441273394656,0.8251657544993876,0.6774339312314988,0.5514645916223526,0.0925,0.1925,1.6351526616660608,0.8075,0.22528146400255064,0.0,7.863058870644244e-05,0.3173175084590912,0.0990284283645451,0.4492531043291092,0.00545893611619249,0.3562034420669079,0.6913311037421227,,
19,standard,validation,1.1849518758910043,0.4557913146286361,0.6428571428571429,0.7259432856808061,0.6294117647058823,0.6069675416548369,0.5322463283581393,0.09226190476190477,0.22916666666666666,1.5544478818706347,0.7708333333333334,0.18220794358070402,0.37709760508618095,0.0,0.3822339910659052,0.171355861095002,0.5214712619781494,0.00438721494338963,0.7644932564525377,1.1849518758910043,0.4736241817044589,0.37709760508618095
20,standard,train,0.6881529641151428,0.5395641735196114,0.82625,0.824363181747148,0.8216116234786054,0.6904142785072327,0.5834315124154091,0.1,0.1725,1.4767124859535001,0.8275,0.2516558830633815,0.0,7.84752591786298e-05,0.3024114678800106,0.0923482864908874,0.4288949078321457,0.0054271852667443455,0.36737286783754824,0.6881529641151428,,
20,standard,validation,1.3950643482662382,0.3706768940152799,0.6011904761904762,0.7213967658776659,0.5960234002081614,0.474729026026593,0.5227879085008388,0.15476190476190477,0.3869047619047619,0.9287741041603401,0.6130952380952381,0.13928047300500965,0.37470439341480344,0.0,0.4754324326557772,0.2862278452985698,0.6207896726472037,0.0036219723239940193,0.8758399553951763,1.3950643482662382,0.3992067366166599,0.37470439341480344
21,standard,train,0.747383813560009,0.5122202078998089,0.8175,0.8231305295189436,0.8157484587863377,0.6667320996522903,0.5438184487819672,0.08625,0.1925,1.5349460923671083,0.8075,0.22088300582311146,0.0,7.831176661987335e-05,0.3209807280451059,0.09081659848801792,0.4580376535654068,0.005521142659708858,0.4060981959104538,0.747383813560009,,
21,standard,validation,1.2862857487939654,0.39464429369405596,0.6517857142857143,0.739700023435669,0.6390977443609023,0.4867602349040608,0.6253158900709379,0.20238095238095238,0.32142857142857145,0.7699665958092924,0.6785714285714286,0.15345171748070854,0.3763115757133425,0.0,0.47347662863986834,0.36292206025904133,0.5883143558388665,0.0034179280850193685,0.7741039505317098,1.2862857487939654,0.42026428714458375,0.3763115757133425
22,standard,train,0.6695795863866806,0.5481998345255852,0.8225,0.8225,0.8195668333343922,0.6933229365944862,0.5755536197125912,0.0825,0.1875,1.4555606604331972,0.8125,0.29721349162973054,0.0,7.814014761921585e-05,0.2975530497729778,0.09350455212406814,0.42102294743061064,0.005120065142400563,0.3543110005557537,0.6695795863866806,,
22,standard,validation,1.2431512538875853,0.4324570652137277,0.6130952380952381,0.7254745722990391,0.6063446286950253,0.510178408911619,0.6123621875331515,0.15773809523809523,0.29464285714285715,0.9218560203461889,0.7053571428571429,0.21656336682369973,0.3797628009180443,0.0,0.4226510428956577,0.2369050369376228,0.5585830083915165,0.003458459955817532,0.7814288047097978,1.2431512538875853,0.43389083868193223,0.3797628009180443
23,standard,train,0.6668952220678329,0.5386348462104797,0.8475,0.8485848584858486,0.845959595959596,0.6709577345848083,0.5831434366106987,0.09625,0.20375,1.420568080434824,0.79625,0.2846748637457084,0.0,7.796044058436826e-05,0.305717389062047,0.09692668534815312,0.4322373479604721,0.005314516008365899,0.34397890605032444,0.6668952220678329,,
23,standard,validation,1.1214526693026226,0.4238524879086266,0.7261904761904762,0.6455589407077572,0.6432627059963993,0.46278307627964804,0.6926047784231958,0.2113095238095238,0.31845238095238093,0.6749164895232311,0.6815476190476191,0.2228808475645518,0.3773752340227894,0.0,0.44706584566405844,0.29586813487999497,0.5735216083980742,0.0030978021511275855,0.642273194023541,1.1214526693026226,0.4055814128123861,0.3773752340227894
24,standard,train,0.6796762543916702,0.5230148383975028,0.83375,0.83140756302521,0.8307217711848363,0.6590830764174461,0.568826580196619,0.0975,0.225,1.5066343863167184,0.775,0.27335968670256067,0.0,7.777268573311435e-05,0.31712080113589763,0.10219072411768139,0.4477205228805542,0.0055478958203457295,0.34529092244803905,0.6796762543916702,,
24,standard,validation,1.1183584389232455,0.3457698646898162,0.7678571428571429,0.7901570189828919,0.7364440868865647,0.4194472428702904,0.5526053516105527,0.19345238095238096,0.3898809523809524,0.9015050865472214,0.6101190476190477,0.13062262057267177,0.3758061445191239,0.0,0.49343773163855076,0.3058641388391455,0.6409358779589335,0.0036338871106549745,0.5951626102129618,1.1183584389232455,0.4123684248105661,0.3758061445191239
25,standard,train,0.6151114025712013,0.5575052359700203,0.85625,0.8496867167919799,0.8517752332526153,0.6909715190529824,0.6087682388722897,0.10125,0.18875,1.3730754908381164,0.81125,0.287753803789295,0.0,7.757692508431004e-05,0.28819271348416803,0.07804734840989112,0.412587913274765,0.004987400036770851,0.3113511446863413,0.6151114025712013,,
25,standard,validation,1.0491596715790885,0.39689236300283715,0.7857142857142857,0.7398640731192876,0.7287284144427002,0.44336472531455323,0.6151411886904298,0.1875,0.37797619047619047,0.5762555040996052,0.6220238095238095,0.21127683197822406,0.3757524044698353,0.0,0.4903455993071908,0.4113525408431001,0.5956888425917852,0.0030973032255479623,0.532203903510457,1.0491596715790885,0.4226120164683101,0.3757524044698353
26,standard,train,0.6090247631072998,0.5586555939912796,0.86125,0.8638280433708104,0.8608846047195837,0.6898983410000801,0.615956277102232,0.1075,0.1875,1.3912675494324327,0.8125,0.31613088078084206,0.0,7.737320244847978e-05,0.2882830236852169,0.0812197246029973,0.41151109874248504,0.004958909773267806,0.3054683367908001,0.6090247631072998,,
26,standard,validation,0.9264018819445655,0.4898312285666975,0.7916666666666666,0.7710803843449731,0.7463658715438036,0.5656484105250686,0.6435377235923495,0.1488095238095238,0.25297619047619047,0.915037579714546,0.7470238095238095,0.21827887962138995,0.3883145971091922,0.0,0.3767307241048132,0.21206362821560884,0.49750784039497375,0.0033473334458124426,0.5234963716495604,0.9264018819445655,0.4961160797041595,0.3883145971091922
27,standard,train,0.5957546058297157,0.5931310820579528,0.86375,0.8668870192307692,0.8634887088567962,0.7205639612674714,0.625034701526165,0.08125,0.1475,1.4138707366063563,0.8525,0.3321695769880778,0.0,7.71615634180119e-05,0.2686983400583267,0.08386807044968009,0.380369798541069,0.004909624422434717,0.3114821715652943,0.5957546058297157,,
27,standard,validation,1.124210360504332,0.4647525812707378,0.6607142857142857,0.7340051558471994,0.6443850267379679,0.7033421253243592,0.4489039054938725,0.03869047619047619,0.13988095238095238,1.6321695642271485,0.8601190476190477,0.10560911783274715,0.39981174445427553,0.0,0.35672872247440474,0.14041934689019053,0.4940133662450881,0.0051520855021884755,0.7309349319409757,1.124210360504332,0.5101601274833711,0.39981174445427553
28,standard,train,0.609137756228447,0.5729285687208175,0.85,0.843614433661827,0.8459316321617718,0.6956228995323182,0.6096564927697181,0.09,0.195,1.3376189220684338,0.805,0.34124441553996054,0.0,7.694205535695515e-05,0.2802573963999748,0.08694453503936529,0.3969021791219711,0.005348552181385457,0.3132194033265114,0.609137756228447,,
28,standard,validation,1.2238626047259284,0.3493544830030411,0.7142857142857143,0.6687133817670494,0.6521589095457878,0.36478329253532654,0.8056328133458183,0.36904761904761907,0.44047619047619047,0.3956640980868509,0.5595238095238095,0.24316342525928034,0.38476896496347607,0.0,0.534567857338559,0.4534458184747824,0.6476013688814073,0.0026552533270746822,0.6564712205103466,1.2238626047259284,0.3486152304789699,0.38476896496347607
29,standard,train,0.6265477362275124,0.5565574063360691,0.8675,0.8706129913073974,0.8673806425783205,0.6808964958786965,0.6208615306019784,0.11375,0.21125,1.348290172460991,0.78875,0.3234779037051769,0.0,7.671472739041885e-05,0.29306297078728677,0.08330469854176044,0.4181059378385544,0.0046794825000688435,0.317604553103447,0.6265477362275124,,
29,standard,validation,1.133324112210955,0.41539211459847486,0.7351190476190477,0.7526833841106164,0.7013392990901555,0.4716850315318314,0.6633902483043217,0.2113095238095238,0.35119047619047616,0.5809434785909505,0.6488095238095238,0.2342062713508036,0.3856407469034227,0.0,0.4743932450544976,0.4038934734694305,0.574023920865286,0.003043450348611389,0.6275532415934971,1.133324112210955,0.43250471237155536,0.3856407469034227
30,standard,train,0.598602412045002,0.5788055741786957,0.87375,0.8745749574957495,0.8730595630295404,0.7044585934281349,0.6350220537185669,0.105,0.175,1.3481811492677223,0.825,0.33780041850213993,0.0,7.647963039357889e-05,0.27959994912147523,0.08998282931279392,0.3947971087694168,0.00486132666002959,0.3038118821382523,0.598602412045002,,
30,standard,validation,1.0908840341227395,0.3941345699209684,0.7321428571428571,0.7040074994141083,0.6796610169491526,0.4542488631182171,0.6977754604248774,0.25595238095238093,0.3601190476190476,0.7035710218645612,0.6398809523809523,0.2492341311689649,0.381675175325343,0.0,0.4616887550801039,0.3008420103939161,0.5940968649727958,0.003153044611237766,0.599233631222021,1.0908840341227395,0.4056354388822713,0.381675175325343
31,standard,train,0.5524547678232193,0.5908172419667244,0.9025,0.903113300123132,0.901948460087995,0.7188242843747139,0.6286819165945053,0.08625,0.16875,1.359965049460116,0.83125,0.36435778904365484,0.0,7.623681698029195e-05,0.266516352891922,0.07452059684321284,0.38068293273448944,0.0044230557465925815,0.2723223152011633,0.5524547678232193,,
31,standard,validation,1.196069842293149,0.35718944937976344,0.75,0.7509725802671666,0.7105824446267432,0.3751882003229766,0.75179266503879,0.33630952380952384,0.4642857142857143,0.5713113042818099,0.5357142857142857,0.23650667438138362,0.3727452340616678,0.0,0.5084552786623439,0.371090192924298,0.6390714418320429,0.0028630660076270856,0.6548710497362273,1.196069842293149,0.37893171476882637,0.3727452340616678
32,standard,train,0.5706366601586342,0.5833248567581176,0.88125,0.8767242081008821,0.8787443660005584,0.7006492134928703,0.6189090064167977,0.0825,0.175,1.3233392085536542,0.825,0.3621023399120521,0.0,7.598634149132083e-05,0.27190665729343894,0.07509022482670843,0.3886683398485184,0.00499689336400479,0.2845047792047262,0.5706366601586342,,
32,standard,validation,1.0928480568386258,0.45324550979781253,0.7083333333333334,0.7191938129833607,0.671875,0.5364641139466659,0.5955050643533468,0.10714285714285714,0.25,1.0560374278773155,0.75,0.1886391688815991,0.37967008933091523,0.0,0.40218772473079817,0.21948016811871812,0.53375196598825,0.0037891383288383837,0.6577717651213918,1.0928480568386258,0.46110077403963484,0.37967008933091523
33,standard,train,0.5697295571863651,0.609287234544754,0.855,0.857797017315584,0.85433631985735,0.7190379321575164,0.6620933184027672,0.105,0.18,1.4376417187815211,0.82,0.40566455742595364,0.0,7.572825998217308e-05,0.2558086508512497,0.07276294666342437,0.3648509585857391,0.0046479860856197775,0.29897230595350266,0.5697295571863651,,
33,standard,validation,1.5517340841747465,0.3477460515156878,0.6071428571428571,0.7292711506913523,0.6020529016975917,0.35518107888714096,0.7966501826331729,0.37797619047619047,0.44642857142857145,0.49874734284846645,0.5535714285714286,0.22119410242550644,0.36686456929781885,0.0,0.529502044476214,0.42290283437995685,0.6515308859802428,0.0028128017909780497,0.9735543688847905,1.5517340841747465,0.34969183948218663,0.36686456929781885
34,standard,train,0.5357814812660218,0.6057871386408806,0.885,0.8828594475953451,0.8834587418611133,0.7235359051823615,0.6642165726423264,0.11,0.17,1.3381912234942324,0.83,0.3899549986495773,0.0,7.546263021055607e-05,0.25861157350242137,0.07644305555149913,0.3677882355451584,0.0043846469977870586,0.2639713553339243,0.5357814812660218,,
34,standard,validation,1.00563241257554,0.4584991772552635,0.7202380952380952,0.715490977267401,0.6777537444394564,0.5545655111674773,0.597728318756535,0.125,0.26785714285714285,0.7866449665958093,0.7321428571428571,0.2471775594781015,0.374764316240802,0.0,0.42505368182346936,0.3347932183172643,0.5246473777861822,0.0033459143180932316,0.5529321444531282,1.00563241257554,0.46375982681518746,0.374764316240802
35,standard,train,0.5431416767835617,0.5967011711001396,0.89875,0.8985524909530684,0.8980771499351186,0.719909991323948,0.6070017322897912,0.06375,0.17375,1.480216958390106,0.82625,0.35905960772406587,0.0,7.518951162345095e-05,0.26159660644829275,0.07469439132604748,0.373021839261055,0.004588216443080455,0.268138173148036,0.5431416767835617,,
35,standard,validation,1.1798596722739083,0.42719542435701774,0.7023809523809523,0.7541129599250058,0.6793770754608954,0.47875632386732886,0.6707081212883904,0.18452380952380953,0.30654761904761907,0.6099870938354084,0.6934523809523809,0.22336647816933983,0.3772032752254916,0.0,0.46019951724225566,0.37261207915088607,0.5642194251219431,0.0030388568522452955,0.6853906540643602,1.1798596722739083,0.4398086882418495,0.3772032752254916
36,standard,train,0.545782770216465,0.5961267913877965,0.89125,0.8933053608389248,0.8906951068785129,0.7276311576366424,0.6351566678285598,0.095,0.16375,1.3721269379000052,0.83625,0.3763217131902367,0.0,7.49089653438087e-05,0.25890758968889716,0.06708752213045954,0.3718081170320511,0.004604404061101377,0.27321446754038337,0.545782770216465,,
36,standard,validation,1.0586326250008173,0.42524600439549265,0.7440476190476191,0.6925240215608155,0.6803398380459312,0.4760503272773276,0.6317972005123184,0.19047619047619047,0.34226190476190477,0.7642442301852415,0.6577380952380952,0.27559170179966264,0.3767594998359009,0.0,0.4471236632782079,0.321968569032227,0.5635524562426976,0.0032244220215250693,0.5823895136515299,1.0586326250008173,0.42338428965030894,0.3767594998359009
37,standard,train,0.5344059354066849,0.5935318857431412,0.885,0.8823441096987288,0.8834587418611133,0.7134618757665158,0.6651314860582351,0.1225,0.19,1.3121121150937094,0.81,0.3808329644399352,0.0,7.462105415687093e-05,0.2627883579954505,0.06887758109718561,0.3771111500263214,0.004467255279887467,0.2586834217607975,0.5344059354066849,,
37,standard,validation,1.2163024764685404,0.3630649426310151,0.7023809523809523,0.7618936020623388,0.6815165876777252,0.38324084985921575,0.6607607328942755,0.22916666666666666,0.3898809523809524,0.5679424157303371,0.6101190476190477,0.22878161528794042,0.37072074814603223,0.0,0.49408969318582896,0.3280490093664931,0.6335103767258781,0.002957099968279224,0.6878217252947035,1.2163024764685404,0.3937452898967028,0.37072074814603223
38,standard,train,0.5454516781866551,0.5973571453988552,0.895,0.8937424586279548,0.894189891355692,0.7122256878018379,0.6413214561343193,0.0875,0.165,1.4241053073300582,0.835,0.3641537295870075,0.0,7.432584249611892e-05,0.26417155757546423,0.07813246688805521,0.3756579941511154,0.004607516173273325,0.26788584247231484,0.5454516781866551,,
38,standard,validation,1.058666828132811,0.4469065908941923,0.7053571428571429,0.6938598546988517,0.659762496547915,0.5211594730296385,0.5874520000957307,0.11904761904761904,0.2767857142857143,0.8108772395991497,0.7232142857142857,0.22064690582722293,0.3750882680788992,0.0,0.4270364532158488,0.2905616985101785,0.5446964630058834,0.0034334055103716395,0.6015527642198971,1.058666828132811,0.44635271729614295,0.3750882680788992
39,standard,train,0.5258277890086174,0.6032393082976342,0.89625,0.8931715374364172,0.8946364561035482,0.7261021852493286,0.6375202432274818,0.0875,0.16875,1.2954733451658562,0.83125,0.37340891054890607,0.0,7.40233964288535e-05,0.2559658733010292,0.06814010777976363,0.3668859887123108,0.004549609972164035,0.25701136149466036,0.5258277890086174,,
39,standard,validation,1.1026810989493416,0.45170749987451275,0.7440476190476191,0.7742207640028123,0.7145566619250829,0.5492012267376766,0.5295448794992978,0.08928571428571429,0.27380952380952384,0.8066115624051017,0.7261904761904762,0.18579219494523563,0.3843541974857581,0.0,0.42977677808985826,0.34629349786389085,0.5274600571110135,0.0035437798637541987,0.6408612894869986,1.1026810989493416,0.4801480045420711,0.3843541974857581
40,standard,train,0.5205219063162804,0.6222070422768593,0.88625,0.8825120192307692,0.8843326326560119,0.7353456747531891,0.6773811507225037,0.105,0.1675,1.2923034028859048,0.8325,0.4165983416456255,0.0,7.371378364140951e-05,0.24605619601905346,0.07251079793088139,0.3499774879217148,0.004431373325642199,0.26139592796564104,0.5205219063162804,,
40,standard,validation,1.1387406090895336,0.3904057979828141,0.7351190476190477,0.7604640262479494,0.7039647577092512,0.46512494868632953,0.6102274514379955,0.19345238095238096,0.35119047619047616,0.97194332675372,0.6488095238095238,0.18937092669573283,0.38312711807890737,0.0,0.45217114811142284,0.2664642995001659,0.592623804296766,0.0034961041611885385,0.6538757021938052,1.1387406090895336,0.42698603375237343,0.38312711807890737
41,standard,train,0.5300230444967746,0.6104945282638073,0.88375,0.882077831132453,0.8825459120767745,0.7176713368296623,0.6840003103017807,0.12125,0.17625,1.2620372495621408,0.82375,0.41092218012895715,0.0,7.339707342400782e-05,0.25324582517147065,0.06715798206627369,0.363114675283432,0.004317988331895322,0.2635973657667637,0.5300230444967746,,
41,standard,validation,1.252380222082138,0.3512338913325845,0.7172619047619048,0.7446215139442232,0.686662543805401,0.4091370106734302,0.7153468781283924,0.3273809523809524,0.4494047619047619,0.5539923701791679,0.5505952380952381,0.22224109106969622,0.3747597685618904,0.0,0.5193923618200988,0.4273699533659965,0.6342207335290455,0.003064165293749067,0.6980837129411244,1.252380222082138,0.3808623253226875,0.3747597685618904
