epoch,phase,split,total_loss,dice,classification_accuracy,balanced_accuracy,macro_f1,lesion_recall,segmentation_precision,empty_prediction_rate,missed_target_rate,pred_gt_area_ratio,localization_hit_rate,box_iou,checkpoint_score,learning_rate,loss_components.segmentation,loss_components.focal_bce,loss_components.tversky,loss_components.boundary,loss_components.classification,loss_components.location,loss_components.focus,loss_components.descriptor,loss_components.centroid,loss_components.low_prior,loss_components.outside_body,loss_components.candidate_recall,loss_components.doctor_ball,loss_components.segmentation_classification_coupling,loss_components.total,loss_components.common_checkpoint_score,loss_components.phase_selection_score
1,teacher1_anatomy_normal,train,0.7570352663799208,0.0328985734234507,0.5178571428571429,0.5232509698752832,0.45297883179881715,0.6976110170386276,0.017407211147210732,0.0,0.04591836734693878,51.91070895349766,0.9540816326530612,0.004161904929511941,0.0,8e-05,0.680176914954672,0.13391672090000037,0.9893707061300472,0.03606796528839944,0.6582621153520078,0.7361069735215635,0.5882255149130918,92.9256571944879,0.15002918691963565,0.42274023410008876,0.22131492790518975,0.38324036236320225,0.4266939327424886,0.14575423482729463,0.7570352663799208,,
1,teacher1_anatomy_normal,validation,0.7491564619925715,0.03913795407260618,0.2903225806451613,0.5,0.225,0.7605333435919976,0.020526133393568378,0.0,0.01935483870967742,36.430299137165335,0.9806451612903225,0.002360233657030174,0.2946952498729876,0.0,0.6727238658935794,0.09555407421242806,0.9919125249308924,0.04092229926778424,0.9244577288627625,0.6833976845587454,0.48622042902054324,60.61951136435232,0.1696972075008577,0.37337685265848714,0.22249073809193026,0.363845258374368,0.37794762676761995,0.09968159804421087,0.7491564619925715,0.2961464420369556,0.2946952498729876
2,teacher1_anatomy_normal,train,0.699330773888802,0.09085223120542205,0.5433673469387755,0.5465219202332604,0.49701440112399015,0.6635781532647659,0.05287637586268235,0.0,0.16964285714285715,15.333913119387187,0.8303571428571429,0.0040823252807326085,0.0,7.990743390987333e-05,0.6650234552062287,0.08449621627829512,0.9862123502760517,0.028613956797183777,0.645720841020954,0.6882859894207546,0.42110856394378504,59.94382515732123,0.14116888903841682,0.35378894422735485,0.17550018574206197,0.3128898345238092,0.3558598510464843,0.16067746509702838,0.699330773888802,,
2,teacher1_anatomy_normal,validation,0.6937269176206281,0.07440317085673732,0.5903225806451613,0.520959595959596,0.5195206189970588,0.8297092430053219,0.04059006356664242,0.0,0.03870967741935484,24.749730364166982,0.9612903225806452,0.002364870658321,0.301850247332248,0.0,0.6597866654396057,0.06137356664384565,0.9874347559867367,0.02610705564579656,0.6381758670653066,0.692522088173897,0.33534769800401504,61.56662804388231,0.15233629317052902,0.2953199975913571,0.16408865182630478,0.26082361917341906,0.2988601384624358,0.15575832397707046,0.6937269176206281,0.36747958609311193,0.301850247332248
3,teacher1_anatomy_normal,train,0.6864380185701409,0.12446098153156285,0.6198979591836735,0.6235133287764867,0.6054553192064254,0.6711342352993634,0.07558252373520209,0.0,0.1760204081632653,10.34982745196434,0.8239795918367347,0.004904696224754101,0.0,7.963018661217968e-05,0.6566840562285209,0.06417437289290283,0.982159828653141,0.022365948166318084,0.5895435019415252,0.6571293680035338,0.3133136794275167,63.60199854325275,0.13231369187789305,0.29833123878556855,0.14309041817881624,0.30494820471016726,0.29897087994886906,0.18242102519285922,0.6864380185701409,,
3,teacher1_anatomy_normal,validation,0.7218061289479656,0.09543288302037024,0.47096774193548385,0.6108585858585859,0.46777773125078514,0.8491280709543536,0.05437765650210842,0.0,0.041935483870967745,20.634928943027536,0.9580645161290322,0.002774719635188415,0.3109734634089688,0.0,0.6545792487359816,0.050283915525482545,0.9841337619289275,0.023213468203621527,0.8731307254683587,0.6326099072733233,0.284851489720806,61.13790051860194,0.1556648325535559,0.26645154453093006,0.1479072618869043,0.18441824216035105,0.26904784402539655,0.152863561157738,0.7218061289479656,0.38764869466599416,0.3109734634089688
4,teacher1_anatomy_normal,train,0.6625340434969688,0.16351644489534048,0.6760204081632653,0.6791860858697634,0.6630182421227198,0.6481649805696643,0.10763706616601165,0.002551020408163265,0.22066326530612246,7.482819909042142,0.7793367346938775,0.009480598112661815,0.0,7.916960882788463e-05,0.6492332299144901,0.04580725003414008,0.9783760929594234,0.018369846274049913,0.5269765095139036,0.6267564254147666,0.2476948270080041,57.71560071439159,0.1362074425025862,0.24548838911007861,0.11235036161177013,0.2631184282351513,0.2453304740543268,0.21774418021039088,0.6625340434969688,,
4,teacher1_anatomy_normal,validation,0.6633524887023433,0.12623171215095827,0.8096774193548387,0.8265151515151515,0.7899511915015791,0.7584598954646818,0.08458045826804253,0.0064516129032258064,0.1,12.677547265575434,0.9,0.006931143263388249,0.32674183552202124,0.0,0.6471960306167602,0.03467765226960182,0.9799901923825663,0.015330135065221018,0.46618874803666144,0.6046450953329763,0.22830972373485564,67.8229601214009,0.1399674775138978,0.20101754896102414,0.10310480801328537,0.22103173554904998,0.20331317359401332,0.2493270699054964,0.6633524887023433,0.46537333079874915,0.32674183552202124
5,teacher1_anatomy_normal,train,0.6471360514358598,0.20778088309631057,0.7155612244897959,0.7099547216521711,0.7046033234491555,0.6950562207066283,0.16136817801363615,0.02040816326530612,0.1875,6.187398469550926,0.8125,0.021122719069405868,0.0,7.852794444565614e-05,0.6418361110346658,0.03781666241738261,0.9706295126554917,0.014727837767223922,0.4950504264965349,0.6015006218637738,0.2049822404372449,54.7241410041342,0.12358568776018765,0.1940830144651082,0.08423262161715907,0.2295980067277441,0.19290864345978717,0.2376164529396563,0.6471360514358598,,
5,teacher1_anatomy_normal,validation,0.7071758124136156,0.1346698686150053,0.47096774193548385,0.5878787878787879,0.47041666666666665,0.7481187826683444,0.09993708208353529,0.016129032258064516,0.12580645161290321,10.821302816901408,0.8741935483870967,0.009653333735533448,0.330198997357766,0.0,0.6404102125475484,0.03134688629258064,0.9707285888733402,0.015999333518407037,0.877958841669944,0.5920294684748496,0.17459498538124946,59.62809021242203,0.13090356271113118,0.13316211998462676,0.0649053580337955,0.2084731182143573,0.13408592425046428,0.1442343682771729,0.7071758124136156,0.3675178134036054,0.330198997357766
6,teacher1_anatomy_normal,train,0.6303192109477763,0.20477837088460826,0.7308673469387755,0.7242125573633709,0.7204991087344028,0.7067879626945573,0.16890793955143618,0.03188775510204082,0.1913265306122449,6.078698706380395,0.8086734693877551,0.03363903989182874,0.0,7.770831958986454e-05,0.625668498326321,0.035816334073944966,0.9470230511256627,0.011494541939880167,0.48546886216012797,0.5739290233777494,0.17360813155466195,52.98955115493463,0.11191196602826216,0.11705373539304247,0.043326392893356325,0.24134022438404512,0.11466830071746087,0.23381248861551285,0.6303192109477763,,
6,teacher1_anatomy_normal,validation,0.6303661200308031,0.17077901171099755,0.8096774193548387,0.7641414141414141,0.7667419112114371,0.8245368092290817,0.13020067022692772,0.02258064516129032,0.0967741935483871,8.893723829463266,0.9032258064516129,0.010284488317097275,0.34654624550162777,0.0,0.6088847810222257,0.02751187775884905,0.9245783694328801,0.010308947480253634,0.5155678450099883,0.5327859051765934,0.17832282435509467,60.838768153036796,0.12257879419672874,0.0484606072306633,0.017884623049007307,0.15940738382839387,0.04799094632748634,0.22342416997398098,0.6303661200308031,0.4750290219658882,0.34654624550162777
7,teacher1_anatomy_normal,train,0.5006543428313975,0.3825136409426222,0.6964285714285714,0.6933501705418283,0.682180207801056,0.5993333586624691,0.38558435303216076,0.05739795918367347,0.2423469387755102,1.933146589265802,0.7576530612244898,0.11163443951489659,0.0,7.671472739041884e-05,0.4565816656971464,0.11442319083274627,0.6575251233821012,0.00584550186450004,0.5005736113811026,0.5510002082707931,0.2549470778630704,50.95882625969089,0.0791064286129359,0.013604871555687669,0.002526249523540099,0.3524617788438894,0.011474713754403044,0.1181990213654175,0.5006543428313975,,
7,teacher1_anatomy_normal,validation,0.6113320381410661,0.35816987390598143,0.3064516129032258,0.49823232323232325,0.2608488316642823,0.4921501872348459,0.4174442966948067,0.08387096774193549,0.25483870967741934,1.3940648394873747,0.7451612903225806,0.043030235989966616,0.35501124853653576,0.0,0.4440167713549829,0.13611391095384476,0.6301044564093313,0.004204110623968225,1.2973011013000242,0.5571931842834719,0.16428848024337522,54.376002896216605,0.11629650139760586,0.0019458607289819948,0.00011218170557479044,0.46413256670198133,0.0013914730377315033,0.12074949206303685,0.6113320381410661,0.31925156320841896,0.35501124853653576
8,teacher1_anatomy_normal,train,0.41999607046647947,0.47032903317286046,0.7232142857142857,0.7200835785143334,0.7097262389203115,0.6135027213972442,0.5133358833132958,0.08673469387755102,0.22193877551020408,1.2900339858762744,0.7780612244897959,0.16345846028164704,0.0,7.555200852863923e-05,0.36823899040416797,0.13359978882481857,0.5144560178931878,0.004426456477055896,0.4747134588506757,0.5376880929178122,0.18480723503292823,45.72421909838307,0.06438139324760711,0.004218771327904673,0.0001845312969579732,0.3535847546798842,0.0024061665248971582,0.08322019692586392,0.41999607046647947,,
8,teacher1_anatomy_normal,validation,0.5047790815753321,0.42829681968735,0.5,0.6247474747474748,0.4993696537784307,0.5639159582113217,0.45023991322412565,0.05161290322580645,0.23548387096774193,1.2637990102778835,0.7645161290322581,0.08171929498116573,0.3762968337423365,0.0,0.3905566142451379,0.12272959017465192,0.5530865730777863,0.0036795487507216393,0.9310516067089573,0.535178074144548,0.15710844887841133,46.013763673843876,0.08199269207374703,0.001618212867798584,7.079581456867257e-05,0.39256624680372976,0.0008778964422808419,0.14441386691985592,0.5047790815753321,0.4195949225002128,0.3762968337423365
9,teacher1_anatomy_normal,train,0.40006658723767924,0.508096593223056,0.7563775510204082,0.7608593643076402,0.7544757704194984,0.6338628919757142,0.5683757650608919,0.09948979591836735,0.20918367346938777,1.2334472897464814,0.7908163265306123,0.19863293245209782,0.0,7.422582765394419e-05,0.34816322414850703,0.15008988900452244,0.4772448564062313,0.004316083003519749,0.45458536731953525,0.5246874349457877,0.16924963146448135,45.10707844520102,0.05292608455887863,0.0040779907234982414,0.00013974160376573291,0.3363393576701685,0.0020616111516054453,0.08140360509824691,0.40006658723767924,,
9,teacher1_anatomy_normal,validation,0.5614963804521869,0.3388923887030028,0.5806451612903226,0.6881313131313131,0.5802083333333333,0.4118870039123066,0.4823084830177601,0.11612903225806452,0.36129032258064514,0.8540397792158355,0.6387096774193548,0.06165766686847624,0.38515716181937415,0.0,0.48243731875573437,0.23069586044838353,0.65298087135438,0.003258007735524687,0.7289408533803878,0.5137487088480304,0.15854501032060192,56.87330098305979,0.11573652893064483,0.0010466258456524942,3.804875249766009e-05,0.553436937591722,0.0006500303873420512,0.14432665092209654,0.5614963804521869,0.3728961784067215,0.38515716181937415
10,teacher1_anatomy_normal,train,0.374642227985421,0.5257779724743902,0.7538265306122449,0.7571071295988746,0.75155287661876,0.6462781423208664,0.571553710163856,0.08673469387755102,0.20153061224489796,1.228451685973401,0.798469387755102,0.23211406665156625,0.0,7.2742645786248e-05,0.3267909735441208,0.11693827921942788,0.457133485954635,0.004196469850210967,0.43686792071984737,0.5115599918122195,0.15424263203630642,40.52573984496448,0.05875735542717941,0.004674568706980849,0.00017203699640884557,0.3007562742853651,0.0026312490975085112,0.07954197631654691,0.374642227985421,,
10,teacher1_anatomy_normal,validation,0.5590084028820838,0.40996200346379613,0.5129032258064516,0.6371212121212121,0.512492319228486,0.484687847643725,0.5405585274636924,0.13548387096774195,0.32903225806451614,0.9601018271792919,0.6709677419354839,0.09886553276391291,0.39978481745723393,0.0,0.41525441206270647,0.15171130152959977,0.58001091787892,0.0031950458298407253,1.1906983606276973,0.4989680240231176,0.12588708621840322,43.0625679139168,0.1250956892381392,0.001185368054505107,4.0128262879725007e-05,0.47823646039732043,0.0005323751538526267,0.15095941085638778,0.5590084028820838,0.3893855511989798,0.39978481745723393
11,teacher1_anatomy_normal,train,0.35465285531720336,0.5354774522842193,0.8188775510204082,0.8156989919512385,0.8149652627729947,0.6561518509169014,0.5849639718629875,0.08418367346938775,0.18877551020408162,1.2425563407998084,0.8112244897959183,0.27086669429315324,0.0,7.110968883852116e-05,0.31766550417761413,0.11204188223928213,0.4449844889494838,0.004151275823348943,0.373350023615117,0.4967193205137642,0.14255559976611817,37.957923597219036,0.049550838049795785,0.006440806043410331,0.00026938114900317765,0.2858564352654681,0.004450892196918899,0.07775013073708634,0.35465285531720336,,
11,teacher1_anatomy_normal,validation,0.40526344045515983,0.4730070800374971,0.832258064516129,0.812878787878788,0.8026927784577724,0.5985370411085039,0.46944866466706786,0.03225806451612903,0.2161290322580645,1.2783989975891383,0.7838709677419354,0.13104926533370514,0.4266720976353155,0.0,0.360471537132417,0.13617542914805875,0.5016685601203672,0.0034312659108470525,0.47024726742698303,0.495551602302059,0.1269233552678939,39.922265182002896,0.068790185095502,0.0015686433695654776,2.657440053289681e-05,0.3669060696036585,0.0007251122639694761,0.13719778623011325,0.40526344045515983,0.5259601743193089,0.4266720976353155
12,teacher1_anatomy_normal,train,0.3559493094074483,0.5456105245619404,0.8061224489795918,0.8066380320187427,0.8042832742083825,0.6689690850218948,0.5948155096599034,0.08928571428571429,0.1747448979591837,1.2703709064667912,0.8252551020408163,0.25936129966493204,0.0,6.933491241286874e-05,0.310536296239921,0.10788830415326722,0.4356079411749937,0.004190691601846139,0.40523706178884117,0.48232838359414315,0.13226866395193704,39.91342536770568,0.05079057679169488,0.006347863944437431,0.00025909334632086365,0.2906319986724732,0.004394128913005187,0.07995331590539034,0.3559493094074483,,
12,teacher1_anatomy_normal,validation,0.49532133706154363,0.3923562686692479,0.6967741935483871,0.7699494949494949,0.6899472250595846,0.5053574351826623,0.4337125650150841,0.05806451612903226,0.3032258064516129,1.1306147696992768,0.6967741935483871,0.05385095811727925,0.4408913709653691,0.0,0.4142291401663134,0.12582638273316046,0.5883224514222914,0.0036296386587163134,0.7338418645243491,0.45961920061419087,0.11291663108333465,47.07902325045678,0.0997986152407623,0.0014130496573934873,2.6484592865838954e-05,0.4622589619890336,0.0007883285007048999,0.16765522031534102,0.49532133706154363,0.44916357619259517,0.4408913709653691
13,teacher1_anatomy_normal,train,0.33545933679050327,0.5619325432546285,0.8290816326530612,0.8310321257689679,0.8275452247283233,0.6760010482097158,0.5811742338903096,0.05229591836734694,0.17091836734693877,1.5078929077445398,0.8290816326530612,0.2990510919298124,0.0,6.74269630416366e-05,0.2965406361891299,0.09053859524238779,0.4207745833056314,0.004025206637416719,0.3634218000331704,0.46659982721416315,0.12305916123548333,37.424760020509055,0.04324317070220749,0.009098521922002261,0.00043501454456418287,0.2705943661988998,0.007354169681594631,0.07813657310848333,0.33545933679050327,,
13,teacher1_anatomy_normal,validation,0.47015556116257945,0.45266212331311356,0.6483870967741936,0.7227272727272727,0.6427325304771672,0.5914421829965807,0.44361449884431015,0.02258064516129032,0.22258064516129034,1.3037526963583301,0.7774193548387097,0.10602290583191974,0.4560136234869519,0.0,0.3657714690892927,0.11564365373023094,0.5177019034662554,0.00354326999926519,0.8351507101328143,0.45522977075269144,0.1109701047981939,46.02209937187933,0.07675314031601432,0.0015623857116987628,2.7175325310728964e-05,0.37286704894035094,0.000849012869988538,0.18045766257470655,0.47015556116257945,0.47665531093608626,0.4560136234869519
14,teacher1_anatomy_normal,train,0.3257345400598584,0.5761962899444054,0.8176020408163265,0.8210006840613702,0.81656317748599,0.6922604140578484,0.5706554369962945,0.03443877551020408,0.14668367346938777,1.6528580664991999,0.8533163265306123,0.31359930249160833,0.0,6.539513606237501e-05,0.28534970614983113,0.09075671913368362,0.40347893079932856,0.00399232060619991,0.3753573056690547,0.45084672466832765,0.1158911934768667,35.273599712216125,0.040885451047833324,0.00691562380679712,0.00031401155353464396,0.2724673067580681,0.005010164786134348,0.07096625243940828,0.3257345400598584,,
14,teacher1_anatomy_normal,validation,0.5145103289235022,0.41121153173609887,0.6258064516129033,0.7166666666666667,0.6231556002682763,0.4807064539962648,0.5158594006032408,0.07419354838709677,0.31290322580645163,0.9448118893541428,0.6870967741935484,0.10855800039874294,0.46459419696450543,0.0,0.4200759713688204,0.17915089111174307,0.5769159078598023,0.0029292167795281258,0.8368428278353907,0.4392650250465639,0.10191308899271873,46.747899332354145,0.08632066864895845,0.001115379360388972,3.031180359915109e-05,0.4898929230628475,0.0005126265255028322,0.1265924530163888,0.5145103289235022,0.42727916562914126,0.46459419696450543
15,teacher1_anatomy_normal,train,0.3185577418427078,0.5976507417401489,0.7933673469387755,0.7884696850214091,0.7880656788145775,0.7107126247517916,0.6002621331385204,0.04336734693877551,0.15178571428571427,1.8443348385694622,0.8482142857142857,0.35451721882628484,0.0,6.324933033188837e-05,0.2732733142923336,0.08817179301487547,0.38585760094681565,0.004229348708818458,0.3694786430925739,0.43578497305208325,0.10950522816606931,38.308079773066,0.046537901781801116,0.008138773933157553,0.00034514554418096016,0.2301965384002851,0.006067524717856978,0.0651577881119233,0.3185577418427078,,
15,teacher1_anatomy_normal,validation,0.44252426701207315,0.4326885889323133,0.7806451612903226,0.7732323232323233,0.7516025641025641,0.5788460508047855,0.4631865276624599,0.07419354838709677,0.24516129032258063,1.2773759675168126,0.7548387096774194,0.09121438819790874,0.47827160516526557,0.0,0.3814781053412345,0.12396280936175777,0.5386792121394988,0.0034592979324741227,0.547094165894293,0.42844970572379326,0.12287701815366744,47.66464563800442,0.11118373405338536,0.0015765221335083967,4.661058947902113e-05,0.38768123868973026,0.000929658099325494,0.1379817324510265,0.44252426701207315,0.48901102319927453,0.47827160516526557
16,teacher1_anatomy_normal,train,0.30443265137015557,0.6046255121425707,0.8392857142857143,0.8378601787306608,0.8368393234672304,0.7132005156302939,0.6163967385583994,0.04846938775510204,0.15051020408163265,1.4192312292812959,0.8494897959183674,0.3655929731787111,0.0,6.099999999999999e-05,0.26753038243979826,0.08266727533191442,0.3791896621791684,0.0039029317998270294,0.32684621853487833,0.42027987570178754,0.10347826246704374,35.65942343887018,0.03804524545320215,0.008041880424942213,0.00034107838937601703,0.22715208702245537,0.005975068263960194,0.07050119520507145,0.30443265137015557,,
16,teacher1_anatomy_normal,validation,0.44200616459692676,0.4594457033683771,0.7870967741935484,0.8335858585858587,0.7742319915254237,0.5660278967488804,0.49917354960024046,0.07741935483870968,0.3096774193548387,1.154049295774648,0.6903225806451613,0.15139315429388628,0.4939463262124265,0.0,0.3792886601340386,0.149092222029163,0.5257083927431414,0.0030516073302996735,0.5834969862814873,0.40732864026100407,0.10235543986482006,44.48649326447518,0.09962692759901044,0.001425141273366828,5.091924171973651e-05,0.40450907594734625,0.0007056947775004852,0.14176972982503713,0.44200616459692676,0.5048590027417583,0.4939463262124265
17,teacher1_anatomy_normal,train,0.3064761376198457,0.60748312637514,0.8290816326530612,0.8321261073475769,0.82814105206677,0.7142250063467999,0.5987113863229752,0.030612244897959183,0.13903061224489796,1.4498799632976784,0.860969387755102,0.3377997595677231,0.0,5.8658103577984934e-05,0.26630345747178913,0.08885059576025423,0.3749364717882507,0.003821126876722033,0.3557427820502495,0.40540381688244487,0.09607281011282182,34.68220074322759,0.03787435815379746,0.0087151321088325,0.000405328226202537,0.23754749188617785,0.0068436193126087475,0.06747363120963683,0.3064761376198457,,
17,teacher1_anatomy_normal,validation,0.48575411304350824,0.42475167090809673,0.7677419354838709,0.8166666666666667,0.7552631578947369,0.4672327317997642,0.5788142805093678,0.1032258064516129,0.3096774193548387,0.9872002283974115,0.6903225806451613,0.16265820883327867,0.5028874713455432,0.0,0.4132418598859541,0.17075813845280677,0.5696640537631127,0.0027070664545340885,0.7196317440079104,0.3963305752123556,0.08385914799667174,41.832790079424456,0.08697944671411308,0.0011938220293227313,2.136450942001125e-05,0.49308996936005933,0.0005462856562864486,0.17851235351314948,0.48575411304350824,0.4665271127144418,0.5028874713455432
18,teacher1_anatomy_normal,train,0.2675345805378593,0.6498439661702331,0.8545918367346939,0.8543175650612054,0.8528208675032112,0.7426302709749767,0.64741229250723,0.030612244897959183,0.11352040816326531,1.477214375427828,0.8864795918367347,0.42642305313534273,0.0,5.623505054980465e-05,0.23322443337160714,0.06525703543340977,0.33314371534756254,0.0036676815658693717,0.298811349789707,0.39107027437005726,0.09155473432370595,31.12551875017127,0.02854636764838075,0.008711752458000365,0.0004075251084458967,0.2022031843662262,0.006738632703654358,0.05886202114064018,0.2675345805378593,,
18,teacher1_anatomy_normal,validation,0.5186584961029791,0.4502121735863603,0.5838709677419355,0.6936868686868687,0.5835199283475145,0.5475018440192517,0.5325720158756804,0.07741935483870968,0.2870967741935484,1.180322928562365,0.7129032258064516,0.12167951850888108,0.5071213041224724,0.0,0.3760924207587396,0.12645723531323094,0.5295007813361383,0.003026136443499596,1.1600399772967063,0.3768288100919416,0.07987898367066537,40.06994338497039,0.112673712465837,0.0014179954093114864,2.8455583120493458e-05,0.4124065806788783,0.0006369052492382546,0.18034807763272717,0.5186584961029791,0.44349067419183996,0.5071213041224724
19,teacher1_anatomy_normal,train,0.27884747323637105,0.6272685083807731,0.8928571428571429,0.8894613277683578,0.8914263481030605,0.7336562063012805,0.6046138630837811,0.017857142857142856,0.11734693877551021,2.047713590894689,0.8826530612244898,0.39765950152760743,0.0,5.3742645786248e-05,0.24823609868786772,0.07203873981512626,0.35359966207523735,0.0038664080178821268,0.28303187629398036,0.37738965542948977,0.08690755000832129,32.742775488872915,0.03820252540590816,0.01138892158514307,0.0005727015818871334,0.20551686924026938,0.009536245787766885,0.06633207219063628,0.27884747323637105,,
19,teacher1_anatomy_normal,validation,0.4237498462200165,0.4749577037920394,0.7580645161290323,0.7901515151515152,0.7412613093847027,0.5997245989890531,0.47003994953471256,0.025806451612903226,0.19032258064516128,1.3773553483060526,0.8096774193548387,0.10895283279084685,0.5170006201251559,0.0,0.3459476459410883,0.08469617797001716,0.49912388786192863,0.0034308607314503,0.7240013909916724,0.3684052592323672,0.07725637824304642,34.58117797605453,0.0898336771717896,0.0016963731754766477,2.5126130663744743e-05,0.3597125715786411,0.0008921422621971296,0.15849748300688882,0.4237498462200165,0.5154420529540761,0.5170006201251559
20,teacher1_anatomy_normal,train,0.26610865846884496,0.6489410196640053,0.8788265306122449,0.8785686860207076,0.8775191376347447,0.7509792371063816,0.6232825745733417,0.01403061224489796,0.1096938775510204,1.9358985709256145,0.8903061224489796,0.42490767392941187,0.0,5.1193032032787375e-05,0.2363561271708839,0.07816932041540134,0.3329962516317562,0.0036624075205787562,0.268994079180518,0.36473410135629225,0.08332874413047518,31.641632255242797,0.02712850744531036,0.009557624157442123,0.00045920940921897286,0.21076729103010527,0.007592652995485043,0.0658442497025339,0.26610865846884496,,
20,teacher1_anatomy_normal,validation,0.4159935018708629,0.4627484384136222,0.8483870967741935,0.8143939393939394,0.8154271019394723,0.5342367134549341,0.5706175007613286,0.0935483870967742,0.25806451612903225,1.1552785179545744,0.7419354838709677,0.20220710459172747,0.526356127805953,0.0,0.37517428811519377,0.13367136618302713,0.5253367308647402,0.002875801753402958,0.49180574080636424,0.3500273637233242,0.07583684647275556,37.154398075226815,0.0766191808312508,0.0014056575027362054,2.5157114941976032e-05,0.42254874035716056,0.0006306993346022922,0.15258865907427765,0.4159935018708629,0.5044937596428467,0.526356127805953
21,teacher1_anatomy_normal,train,0.2685715030802756,0.6441297293925772,0.875,0.8784100784767281,0.8749991865315658,0.7505729122429478,0.6252502230357151,0.021683673469387755,0.11352040816326531,1.698740664717311,0.8864795918367347,0.41715921206211426,0.0,4.859863075134336e-05,0.23589552345932746,0.06303704135614085,0.3381129144405832,0.003628781835111428,0.3008245076908141,0.3524439009476681,0.08001961901175733,30.25807559733488,0.033307366250241735,0.010048450916359315,0.0004943639978777429,0.1963713502473369,0.00817449898542171,0.059290569608232806,0.2685715030802756,,
21,teacher1_anatomy_normal,validation,0.5464098730394917,0.3948015859130027,0.6193548387096774,0.7088383838383838,0.6166582830315225,0.42082950890664933,0.5966226246266442,0.15806451612903225,0.3935483870967742,0.7576211775155437,0.6064516129032258,0.15358969289333066,0.5164378936597723,0.0,0.44817640396856495,0.21777266009200003,0.6053407280675827,0.0026177718161395,0.9119185334251773,0.3514253593260242,0.06877542811055337,45.79307622601909,0.13795515203457925,0.0009560064598542428,3.153094442114384e-05,0.5528087866883125,0.00033690599826044374,0.12858729146180614,0.5464098730394917,0.39550182903570036,0.5164378936597723
22,teacher1_anatomy_normal,train,0.28816462224539446,0.6178565244285428,0.8686224489795918,0.871479974968711,0.8684664463364538,0.7298871084135405,0.616458494748388,0.03571428571428571,0.1364795918367347,2.248723823304795,0.8635204081632653,0.4067201238774283,0.0,4.5972081604170835e-05,0.2542656983952133,0.07302534618243879,0.36251211774592496,0.003764933148608068,0.3095340417812065,0.34219288461062375,0.07572462934316421,33.59755672727312,0.03724779303645066,0.01057659488465941,0.000505074687940318,0.2011786402412215,0.008599681787148126,0.06567273063737215,0.28816462224539446,,
22,teacher1_anatomy_normal,validation,0.5215645328644783,0.34025510098014305,0.8225806451612904,0.8388888888888889,0.8033244512117752,0.3736051225911832,0.6558681508698078,0.24193548387096775,0.4290322580645161,0.882296028422789,0.5709677419354838,0.14324534789172916,0.5109384556066557,0.0,0.48179918671807936,0.2269518249938565,0.6535360467049384,0.0026281203811747895,0.5409492746476204,0.33387953312166274,0.07165606286256544,48.2872974395752,0.11754307722008127,0.0010658036364475266,2.111226835216756e-05,0.5964186017071047,0.0005040372121936431,0.18565148154814398,0.5215645328644783,0.41475141962666234,0.5109384556066557
23,teacher1_anatomy_normal,train,0.25989472805237285,0.6514762046993995,0.8762755102040817,0.874527227158806,0.874660271782574,0.748464114203745,0.6268617732792484,0.011479591836734694,0.11096938775510204,1.831718730083019,0.889030612244898,0.43350322409031705,0.0,4.332618087469505e-05,0.23444835241047704,0.07447855194498386,0.33146721367933313,0.003750344690847762,0.26061477360068536,0.33183199288893717,0.07331631971257073,28.87736077211341,0.025508451544292442,0.009739138625505172,0.00046867798967153306,0.21849902289710482,0.007784681041886536,0.059586617886563956,0.25989472805237285,,
23,teacher1_anatomy_normal,validation,0.402884707912322,0.5092177217836138,0.7903225806451613,0.757070707070707,0.7511454718355954,0.576600731589686,0.5863655591308155,0.05806451612903226,0.22258064516129034,1.131836061413526,0.7774193548387097,0.18881368732449585,0.5231750239596932,0.0,0.3370819322524532,0.1047359176340603,0.4778670822420428,0.002843600015846952,0.6389919061814585,0.319029744978874,0.07154407453152441,33.49931024735974,0.06268593745189718,0.0013880293957153034,1.7753185344307923e-05,0.3795298113938301,0.000501732720201084,0.11489785598861355,0.402884707912322,0.5111230379457278,0.5231750239596932
24,teacher1_anatomy_normal,train,0.24516164093297355,0.6725588094215004,0.8954081632653061,0.8959096677621945,0.8950468540829986,0.7713621179668271,0.6476302666931736,0.015306122448979591,0.09056122448979592,1.6240965217263892,0.9094387755102041,0.4723330114607162,0.0,4.067381912530498e-05,0.2158107676980447,0.06113481447480771,0.30794868177297163,0.003604290170633063,0.26640695546354565,0.3208213676603473,0.06946558972858653,28.401457377842494,0.021130708021905312,0.009480878917443357,0.0004496031266097241,0.18147319927811623,0.0073843138437654,0.053009034547840755,0.24516164093297355,,
24,teacher1_anatomy_normal,validation,0.5113825617298003,0.3777967567214387,0.8129032258064516,0.8452020202020203,0.7973033910533911,0.42460759593874686,0.5993675176673825,0.1774193548387097,0.3774193548387097,0.8151487755360994,0.6225806451612903,0.14105253467858558,0.5199644599781286,0.0,0.4586309886747791,0.23972597263993756,0.6129691416217434,0.002695639999282937,0.5793268986286656,0.31553577665359744,0.06272325164848758,50.769696364864224,0.10631090547310211,0.0009812916375062008,1.8520342717003528e-05,0.5506377964250503,0.0004089979687001511,0.1644659853622978,0.5113825617298003,0.44528355567678723,0.5199644599781286
25,teacher1_anatomy_normal,train,0.24050098596786967,0.6747675243080878,0.8979591836734694,0.8995215311004785,0.8974358974358974,0.7619728959944784,0.6516325431210654,0.012755102040816327,0.10714285714285714,1.4741960399575724,0.8928571428571429,0.493319185154509,0.0,3.802791839582918e-05,0.216280213272085,0.05767706199073974,0.310016998222896,0.00349908633209879,0.2560184662591438,0.3111794581826852,0.06713645517521975,25.403215933819208,0.024214044090791614,0.009236203082504548,0.00044851093858893845,0.19603735102074488,0.007354534457571928,0.05217183622227488,0.24050098596786967,,
25,teacher1_anatomy_normal,validation,0.5739596918705971,0.336707573437179,0.7290322580645161,0.7795454545454545,0.7169688274422852,0.3722801114680532,0.545357986845264,0.15806451612903225,0.4,0.7255662352493338,0.6,0.12712145135681036,0.5074334600169097,0.0,0.48154952035796256,0.22382718372729518,0.6543200042939955,0.0028473865285876298,0.8589518377857823,0.30788211630236717,0.05541764598700308,53.30331313840804,0.1510370941892747,0.0008828557160262379,2.4900130648025115e-05,0.6016645690125804,0.0003455515140000986,0.17365557601686657,0.5739596918705971,0.3970678706405206,0.5074334600169097
26,teacher1_anatomy_normal,train,0.24982373834568627,0.6734426742305561,0.8839285714285714,0.8861065498996534,0.883828589200605,0.7561320416173156,0.6537874541720565,0.01403061224489796,0.10586734693877552,1.4757328401632146,0.8941326530612245,0.5041571684671552,0.0,3.540136924865666e-05,0.21953208212341582,0.06512938645117138,0.3121340560669802,0.0036260672982744114,0.28107551857829094,0.30175976090285245,0.06479311787656375,28.112578902925765,0.023161991695072787,0.012212687635281104,0.0006239441802660752,0.18685314511614187,0.010243201744130175,0.05212635734137528,0.24982373834568627,,
26,teacher1_anatomy_normal,validation,0.5370917154896644,0.34720743515571795,0.832258064516129,0.8654040404040404,0.8175562497170537,0.3478633830373052,0.7242016309692013,0.25806451612903225,0.3935483870967742,0.6030008882121558,0.6064516129032258,0.1942273524238014,0.4971841143393704,0.0,0.48512232265164773,0.24273237124566108,0.6526120758825733,0.002414039439792114,0.5933667218492877,0.2973875684122885,0.05315335503508968,52.704490833897744,0.13725241446192094,0.0007184501330137268,1.2604202358136629e-05,0.6214189621229326,0.00017014865389360385,0.1957701771634616,0.5370917154896644,0.42057818495060706,0.4971841143393704
27,teacher2_candidate_search,train,0.4411918639528508,0.6303141399913904,0.8686224489795918,0.8651548823962617,0.8665800904424144,0.7296193284647805,0.626826671009161,0.029336734693877552,0.11224489795918367,1.892479409800617,0.8877551020408163,0.3877028770473067,0.0,6.000000000000001e-05,0.25196315507803646,0.08658008742127188,0.3537342019227086,0.003909120811339544,0.3115796909040334,0.3595613195579879,0.08345927358890066,31.573149817330496,0.030632674790579083,0.011168472919071436,0.0005618317055469022,0.21924367604054967,0.009407390242535146,0.06995547746251128,0.4411918639528508,,
27,teacher2_candidate_search,validation,0.5473544330366196,0.5204648307855091,0.8806451612903226,0.8765151515151515,0.8608195507881229,0.6176590292323981,0.5302069098959046,0.02258064516129032,0.14516129032258066,1.3577512371526457,0.8548387096774194,0.15339125632626602,0.5842048643614061,0.0,0.31712762453863697,0.06016407188388609,0.4642603766533636,0.003173726157195145,0.4430199361616565,0.35753500846124464,0.07966046092971679,32.57269400627382,0.06325307045969361,0.0016629839090690497,2.824974035320338e-05,0.33809906410113455,0.0007948554726505292,0.1181635890216116,0.5473544330366196,0.5715165728420907,0.5842048643614061
28,teacher2_candidate_search,train,0.432612384156305,0.6231395815099988,0.8762755102040817,0.8783854166666667,0.8753652688526257,0.7214855959220808,0.6359668261542613,0.044642857142857144,0.13010204081632654,1.7397047871109448,0.8698979591836735,0.3828097737346982,0.0,5.9930575432405e-05,0.2542307475695805,0.07351940372312556,0.36228433616307315,0.003660851348267526,0.28969002477064426,0.3621411402614749,0.08356383169183926,29.9600520523227,0.03551868956098903,0.010130881818904713,0.0005002790575399188,0.2133855183741876,0.008178056869670696,0.06858388849591114,0.432612384156305,,
28,teacher2_candidate_search,validation,0.6471411305089151,0.4639470079961245,0.8548387096774194,0.8583333333333334,0.8343604174829908,0.5434453662585633,0.5585454887578,0.08709677419354839,0.22580645161290322,1.1034449942900648,0.7741935483870968,0.13635402271285316,0.578786158084374,0.0,0.37396226381101916,0.1391705798886476,0.5213404636229239,0.002983297921356655,0.4696732133626938,0.37290490385024777,0.07723278364827556,42.848402232508505,0.08254728780030424,0.0013210745890260554,1.9468465043539783e-05,0.4239905984651658,0.0006339257927573917,0.14557081208594383,0.6471411305089151,0.5212261630041813,0.578786158084374
29,teacher2_candidate_search,train,0.40897486085186197,0.6466192180404857,0.875,0.8743679021183821,0.87399549983928,0.7493888541143767,0.6172729073738565,0.006377551020408163,0.10076530612244898,2.071263112944551,0.8992346938775511,0.4054606446734591,0.0,5.972263995913476e-05,0.23690585016596075,0.06578026557037113,0.3385839565676086,0.003812208624404608,0.28979815709955836,0.36521878960181253,0.08373381691623707,28.285089706888005,0.030031918796618012,0.01075868600057628,0.0005519712234932481,0.1881173739627916,0.008812712971937761,0.06309526772903544,0.40897486085186197,,
29,teacher2_candidate_search,validation,0.790823939154225,0.3876729423212104,0.7161290322580646,0.7737373737373737,0.7058316080055211,0.42803717317664697,0.6106039039004185,0.1870967741935484,0.3870967741935484,0.7925866006851923,0.6129032258064516,0.09333509176435131,0.5543757430187197,0.0,0.44165301967051723,0.19512420443277206,0.6040183755659287,0.0026003951184271324,0.7121073585364126,0.35707918674715106,0.08046586910082448,46.05441055297852,0.12254302125544317,0.0009720657590209627,1.752277260112028e-05,0.539399458227619,0.00025825190471462725,0.14866743862268425,0.790823939154225,0.41946701715096313,0.5543757430187197
30,teacher2_candidate_search,train,0.4092426278761455,0.646189923797335,0.8762755102040817,0.8779975648346496,0.8759022008560606,0.7371924413102013,0.6311034119250823,0.01403061224489796,0.10714285714285714,1.7461342610830288,0.8928571428571429,0.41079771379922037,0.0,5.9377206620913464e-05,0.2401204704478079,0.07495501022595837,0.3400183332209684,0.003698079751766458,0.28378981146581317,0.36386397116038266,0.08136318069027394,27.572051262368962,0.031078161758326745,0.010521592505808388,0.0005340417868382599,0.21243033949665877,0.008740924880320173,0.06186631272014763,0.4092426278761455,,
30,teacher2_candidate_search,validation,0.5121976588041551,0.559044072959429,0.8838709677419355,0.836111111111111,0.85191868796773,0.6857510972104923,0.5475634653722087,0.02903225806451613,0.14516129032258066,1.3510182717929198,0.8548387096774194,0.1293834482790198,0.563340862054857,0.0,0.2877973328674993,0.07185775417714349,0.4146255939237533,0.003262674010869476,0.4183836644695651,0.3584458837586065,0.08481275939172314,33.34184649682814,0.054774169087684114,0.0016120354780146192,1.9311527971548193e-05,0.28278329052752066,0.0006931036977367776,0.09692691548336899,0.5121976588041551,0.5868089506182766,0.563340862054857
31,teacher2_candidate_search,train,0.39296955189534594,0.6669451250713698,0.8928571428571429,0.8977245947998219,0.8928543537680593,0.7580185201095075,0.6459385235698856,0.01020408163265306,0.09438775510204081,1.7176382214067485,0.9056122448979592,0.44450264259311034,0.0,5.889595833424209e-05,0.22535949694562932,0.06978671248926192,0.31928351034923474,0.00378544083843958,0.25524887343754576,0.36502435560129126,0.07996163311965611,29.609785274583466,0.027919659622094348,0.01113715963628219,0.0005560203685026678,0.19105949914272952,0.009282022189261031,0.05532456676912855,0.39296955189534594,,
31,teacher2_candidate_search,validation,0.6424267874610039,0.503038477088075,0.8161290322580645,0.8212121212121213,0.793311576657192,0.5451650022606515,0.6375671728964775,0.1,0.2161290322580645,1.044196485217612,0.7838709677419354,0.19217530708392422,0.5624208028164174,0.0,0.3493461275292981,0.11157484191559976,0.49411607596182056,0.0027698387917611867,0.650412277540853,0.3546216912807957,0.07118470072746277,34.859217366864605,0.08721335287142035,0.0012538511307925106,1.7127564211888616e-05,0.42390520067945603,0.00046474163025249577,0.13288104522132105,0.6424267874610039,0.5194740269002011,0.5624208028164174
32,teacher2_candidate_search,train,0.3901220496211733,0.6594865176142478,0.9081632653061225,0.9084992841338019,0.9078177257525084,0.7626187983824282,0.6368250530593249,0.012755102040816327,0.08545918367346939,1.8050684271334683,0.9145408163265306,0.4557867290393506,0.0,5.8281239692398396e-05,0.2271308594820451,0.06342153286333291,0.3244683876329539,0.0037103213027727846,0.25979604404799794,0.3660881650082919,0.08138000987926308,27.750776597431727,0.028870515022260537,0.010210734445183558,0.0005161482659063114,0.1950193096750549,0.008185152244847387,0.06109054014086723,0.3901220496211733,,
32,teacher2_candidate_search,validation,0.6834814802292855,0.4547365375602797,0.8419354838709677,0.8459595959595959,0.8205573472256678,0.4564725659545833,0.6967192885039575,0.17096774193548386,0.27741935483870966,0.753433891638117,0.7225806451612903,0.20124555083081766,0.5465065238050023,0.0,0.39727771657128486,0.15553799557589715,0.5509967338654302,0.0024535228993984,0.5268495799072327,0.3565275472979392,0.08259508528055683,41.26295522874401,0.11651783261772981,0.0009141169147633556,1.68326121638529e-05,0.5138630177705519,0.00020529784608609795,0.15034917188027214,0.6834814802292855,0.4863619634767054,0.5465065238050023
33,teacher2_candidate_search,train,0.3775758457427122,0.6702279062295446,0.8852040816326531,0.8822828105150005,0.8836012352521974,0.7676011828743682,0.6462350989482841,0.007653061224489796,0.08290816326530612,2.2628119891741356,0.9170918367346939,0.4574039312551906,0.0,5.753604554281413e-05,0.22108272227401637,0.06141825723081675,0.31596098566541864,0.0035352562482905935,0.2485240922138399,0.36726452744736965,0.0791436097755724,26.621226442103485,0.02673880218891118,0.010466641068163956,0.0005347937570576857,0.19568695333235117,0.008673340560043081,0.056146652437746525,0.3775758457427122,,
33,teacher2_candidate_search,validation,0.7896478222262475,0.36301196789189893,0.8096774193548387,0.8330808080808081,0.7917307188649381,0.3859634629625563,0.6340284564072108,0.19032258064516128,0.3935483870967742,0.773743814236772,0.6064516129032258,0.14186715193364177,0.5209278722571865,0.0,0.4695881722434874,0.22297141493087816,0.6362810834761589,0.002626299509598363,0.5611609099372741,0.37006889331725334,0.0762935059685861,48.193176897110476,0.1461287826222683,0.0009487398497332188,2.375372681736706e-05,0.5892069890374138,0.00031542726369920154,0.17786367768421768,0.7896478222262475,0.4276817298253381,0.5209278722571865
34,teacher3_doctor_ball_objectness,train,0.4520321532475705,0.6587600586365681,0.8813775510204082,0.8813775510204082,0.880655061504088,0.734350576692698,0.6541771122387477,0.021683673469387755,0.11607142857142858,1.3528053562400961,0.8839285714285714,0.43708880056916827,0.0,4.5e-05,0.23210408713440506,0.06962004610888507,0.3297536287988935,0.0035922329240877715,0.28375060787918616,0.3608330628093408,0.08444946502544443,29.43047066124118,0.027126017839283142,0.008851705563292667,0.00041677773892193466,0.21655514425769143,0.006930622623332631,0.052861617369653315,0.4520321532475705,,
34,teacher3_doctor_ball_objectness,validation,0.9210520190577354,0.43951562395489274,0.7032258064516129,0.7744949494949495,0.6959358608042987,0.4606358594198221,0.6129908251742145,0.10967741935483871,0.3096774193548387,0.9038668950640781,0.6903225806451613,0.19545544227871092,0.5433753155047779,0.0,0.39986679217507765,0.1425383930725436,0.5599666380113171,0.0025388715277996753,1.0403023841880983,0.36663164746376775,0.07214104975423505,39.313420031147615,0.08626521979270864,0.0010809765860152942,1.774924925660842e-05,0.5018859625824036,0.0003518616161712881,0.176220965655821,0.9210520190577354,0.4518196151868411,0.5433753155047779
35,teacher3_doctor_ball_objectness,train,0.44713122321634874,0.6560291678321605,0.8877551020408163,0.8847517730496455,0.8863880380726542,0.7547422282549799,0.6406935629796009,0.017857142857142856,0.08928571428571429,2.0996194717816214,0.9107142857142857,0.4130817818587274,0.0,4.494793157430374e-05,0.233273624841656,0.07260097558515108,0.3303837855251468,0.0037392923342330115,0.2811100317203269,0.3612276534644925,0.085313047225378,28.15105492728097,0.02636027920380002,0.009446205311141223,0.0004445225307122479,0.2107129967486372,0.007351430360173179,0.06012643962072171,0.44713122321634874,,
35,teacher3_doctor_ball_objectness,validation,0.8818483194997234,0.3688393037823239,0.8193548387096774,0.8103535353535354,0.7922351476853846,0.3819397120715833,0.6927064957982157,0.24838709677419354,0.4161290322580645,0.7058669585078036,0.5838709677419355,0.16500208871371458,0.529839411466311,0.0,0.46736817879061543,0.22915506141801034,0.6305144506116067,0.0024503645111596394,0.5630323864759937,0.35372208337629996,0.07280169138985296,52.099461758521294,0.12229981439097995,0.000835712724972015,1.148268153971707e-05,0.5924625732244984,0.00028729925879522324,0.1768158600485373,0.8818483194997234,0.4181070030951093,0.529839411466311
36,teacher3_doctor_ball_objectness,train,0.4346560554540887,0.6644869949288514,0.8992346938775511,0.8946575709459681,0.8975341423265586,0.7400549589371195,0.6784198959263004,0.03826530612244898,0.10459183673469388,1.4150465202984337,0.8954081632653061,0.45096130777216276,0.0,4.479197996935107e-05,0.22964293905058686,0.07625469645219189,0.3234199315917735,0.0035631752938830425,0.25989416074387883,0.36181022409273655,0.08366668414400548,27.696567515937648,0.026530991866412498,0.009944753242628078,0.00048479580737523285,0.21594006203267038,0.008001322262632074,0.05603026605581827,0.4346560554540887,,
36,teacher3_doctor_ball_objectness,validation,0.8360275310854758,0.41282782500527604,0.8612903225806452,0.8661616161616161,0.8417221767059689,0.48816895275504885,0.5262787278861769,0.1032258064516129,0.25161290322580643,0.9404739246288542,0.7483870967741936,0.11061515516740977,0.5341015476404364,0.0,0.42375950255701617,0.20045315911692957,0.5743636627351084,0.003098464962996302,0.5437253207929673,0.37261545581202354,0.07665223815748769,53.808015091188494,0.09971934247408963,0.0011120451203990547,3.483688943238268e-05,0.4928109308404307,0.0005977102218293435,0.16294530125394943,0.8360275310854758,0.49435988456500474,0.5341015476404364
37,teacher3_doctor_ball_objectness,train,0.4351677436913763,0.6476856780295469,0.8966836734693877,0.8966836734693877,0.8962446185391836,0.7357760546158771,0.6487567567703675,0.03571428571428571,0.11096938775510204,1.481041180205094,0.889030612244898,0.40668899617799126,0.0,4.45329049656851e-05,0.23495368629085775,0.06103218552105281,0.33744046882707246,0.0035934429508823976,0.2693506590261751,0.36234572803487586,0.08767696500432734,25.782128567598303,0.03377337718194788,0.007765072317109729,0.00036168595119195337,0.19720480746912714,0.005761993714927206,0.06476630251949692,0.4351677436913763,,
37,teacher3_doctor_ball_objectness,validation,0.8352508493008152,0.39611558243128675,0.8129032258064516,0.8386363636363636,0.7956818181818182,0.41115525675117714,0.6355002714741614,0.1774193548387097,0.3387096774193548,0.7895650932622763,0.6612903225806451,0.21128434517082398,0.5289832693830336,0.0,0.4360735971600779,0.16788075999507018,0.6059255038538287,0.0025184587147387286,0.5641020803682266,0.37132003768797844,0.08175113931778938,48.28715980898949,0.12749902276348532,0.0009360052722660194,2.3191134495127406e-05,0.5711403146386147,0.00035959241692081937,0.1588961831232976,0.8352508493008152,0.4494355941148121,0.5289832693830336
38,teacher3_doctor_ball_objectness,train,0.43773552288814466,0.6648171802564543,0.9017857142857143,0.9017857142857143,0.9014005602240897,0.750776752221341,0.6625035396035837,0.021683673469387755,0.09183673469387756,2.0971872226246466,0.9081632653061225,0.45713544031581776,0.0,4.417196875068157e-05,0.22984020328339266,0.06716779460750368,0.32721777777282557,0.0035670762869757506,0.25682735329075734,0.3652582874103468,0.0883106347553584,28.684757091561142,0.02753283564572707,0.009943745656138552,0.00047146135944340316,0.20916355735793404,0.007979702988338932,0.06285938432402148,0.43773552288814466,,
38,teacher3_doctor_ball_objectness,validation,0.8006412613776422,0.4099682957772214,0.8096774193548387,0.8396464646464646,0.7934056996984107,0.4755652665437917,0.5735310070976793,0.13548387096774195,0.34838709677419355,0.8906785306433194,0.6516129032258065,0.13253213319882906,0.529530285790835,0.0,0.4192528454526778,0.1791876043042829,0.5756599372433078,0.0027700148147320556,0.5341265759160442,0.3741759934732991,0.07669634194143357,46.82904116722845,0.1109691001521799,0.0011299123508281134,2.1152220729310365e-05,0.499918873728283,0.0003893066640997741,0.15706885571201,0.8006412613776422,0.46875336734533424,0.529530285790835
39,teacher3_doctor_ball_objectness,train,0.422447138598987,0.6695670087118538,0.889030612244898,0.8902348530215847,0.8885590347272713,0.7372306700871916,0.6808109256077786,0.03316326530612245,0.11607142857142858,1.560645596741738,0.8839285714285714,0.4775453760130401,0.0,4.37109297692988e-05,0.22597862977762612,0.06333353134746454,0.32276823690959383,0.003459007750094241,0.26358423807791304,0.36598901724328803,0.08229520012225423,25.294392965277847,0.03203322624555155,0.009923980122299067,0.00048643552251020564,0.20599811117411876,0.008008002105762732,0.05453921565595938,0.422447138598987,,
39,teacher3_doctor_ball_objectness,validation,0.8724574131350363,0.36593111865351136,0.7580645161290323,0.8065656565656566,0.7454537492199389,0.36164703371525486,0.628096508511336,0.18387096774193548,0.4161290322580645,0.6602350590026647,0.5838709677419355,0.19131997961183395,0.5156452316310512,0.0,0.4590725332979233,0.17990364361434213,0.6367124419058523,0.0023355288010451104,0.6331180314863881,0.38563419119004283,0.07453257907782831,45.88747946216214,0.10304476030794303,0.0008165532831269722,1.2683005998922218e-05,0.6134015566639361,0.00018276418399651564,0.17257492752903472,0.8724574131350363,0.4102399360352266,0.5156452316310512
40,teacher3_doctor_ball_objectness,train,0.43569322842724467,0.6673892182963235,0.8839285714285714,0.8806581143095535,0.8823434343434344,0.7557734226693913,0.6556878634253327,0.017857142857142856,0.09948979591836735,2.15701174613273,0.9005102040816326,0.45819807131743673,0.0,4.3152034157110594e-05,0.2269054872497004,0.07461803259175954,0.31980680993625094,0.003765597198234529,0.26813569976663104,0.36718108854731735,0.08326242400371299,27.998390285336242,0.027465899957118085,0.009619251461414506,0.0004620134934565594,0.20739078597754848,0.007537236340581609,0.0564424489548772,0.43569322842724467,,
40,teacher3_doctor_ball_objectness,validation,0.7832090858490236,0.43665185523765027,0.7935483870967742,0.788888888888889,0.7662141779788838,0.4638622879562175,0.5845755927925629,0.08387096774193549,0.2838709677419355,0.8949847735059002,0.7161290322580646,0.1860506429302946,0.5195883120924036,0.0,0.40223314944774874,0.15198503828817797,0.5599524201885346,0.002678283370069919,0.5884425746817743,0.3862721014407373,0.08115612191538657,42.21146869659424,0.10015604251154488,0.0010829992946274878,1.4475479926453948e-05,0.5009215538059512,0.00039041908378074425,0.13743746949269647,0.7832090858490236,0.46889727347585863,0.5195883120924036
41,teacher3_doctor_ball_objectness,train,0.42571683425684365,0.6731199473142624,0.8864795918367347,0.8875598086124401,0.88625289559869,0.7377124909235506,0.6941920518875122,0.04336734693877551,0.11989795918367346,1.2510733368055487,0.8801020408163265,0.48137250495344686,0.0,4.2498004797359564e-05,0.22521567245831295,0.08033371419284721,0.3150559396159892,0.00345891073574217,0.2478309903978085,0.3658400682770476,0.07974727603853965,27.560980164274877,0.026441855276507154,0.008483713313970449,0.00040396751759247737,0.22559736684268836,0.006523074335133543,0.05300330426734017,0.42571683425684365,,
41,teacher3_doctor_ball_objectness,validation,0.8451727390289306,0.39160209492193027,0.7806451612903226,0.8191919191919192,0.7658194098826875,0.4063489524040177,0.6462555323547173,0.2,0.4064516129032258,0.807638624540033,0.5935483870967742,0.2056579741802827,0.5136496995073804,0.0,0.4388113655390278,0.17541019034481817,0.6072521428908071,0.002449442630994224,0.6461426251357602,0.3835623404672069,0.06233888157913762,43.32738797587733,0.1096262880860811,0.0009722956957346234,8.893759631093651e-06,0.5681689010993127,0.00029104221661503785,0.1582772025192577,0.8451727390289306,0.4319778433104276,0.5136496995073804
42,teacher4_seg_cls_coupling,train,0.47548662855917095,0.6521383335395735,0.8877551020408163,0.8855981870750957,0.8864516129032258,0.7410692542183156,0.6411527580752665,0.015306122448979591,0.10459183673469388,1.4671468476274254,0.8954081632653061,0.44584801687317255,0.0,3.375e-05,0.23433392403685316,0.06716155126804904,0.33414832913145726,0.00347129623785767,0.27338008521770946,0.3554470323178233,0.08471395402234427,26.80046118522177,0.028396020950339686,0.010557931400027734,0.0005255015674228328,0.21221634684776775,0.008719543497210573,0.061603747013652205,0.47548662855917095,,
42,teacher4_seg_cls_coupling,validation,0.8953365556655392,0.43176494932506043,0.7870967741935484,0.827020202020202,0.7727070742979026,0.5240120022186314,0.49745845659231724,0.05161290322580645,0.2709677419354839,1.1123271158482426,0.7290322580645161,0.11359055172923377,0.6153012982752685,0.0,0.39437427155433163,0.1483334951343075,0.5491928519741182,0.00315552800142717,0.6371364228187069,0.35432705360074196,0.07363183777178488,43.9952384210402,0.0960683329663645,0.0013506530343757703,2.052011977573256e-05,0.44628801937064816,0.0006231104049103095,0.14439031302294272,0.8953365556655392,0.4914484384028734,0.6153012982752685
43,teacher4_seg_cls_coupling,train,0.4370808029661373,0.680849623923399,0.9030612244897959,0.9021993113727634,0.9024511633694164,0.7679324180495982,0.6515877587454659,0.003826530612244898,0.08545918367346939,1.61476364503423,0.9145408163265306,0.45159640969201176,0.0,3.371094868072781e-05,0.2130711263387787,0.057976183433998,0.3049706695031147,0.0034615447155523058,0.2545396940288495,0.34704728029212173,0.08541855284450006,24.86311039146112,0.022225900621174795,0.009993308943658307,0.00048779147663462565,0.18801905378243144,0.008224470743085958,0.053615739550061374,0.4370808029661373,,
43,teacher4_seg_cls_coupling,validation,1.0100392033976893,0.37631912280173,0.7612903225806451,0.7661616161616162,0.7359697988122094,0.3818855262852891,0.5925706226550036,0.16451612903225807,0.4161290322580645,0.7200704225352113,0.5838709677419355,0.1857991502182141,0.5967998221597632,0.0,0.4682318743198149,0.24582759862945927,0.6254008227779019,0.002644587273619348,0.6820001294535976,0.34132876646134164,0.07581925089320829,48.22418973368983,0.12471441993801555,0.0008996130194469926,1.9150104585165653e-05,0.5934999290973909,0.0002907774027863202,0.15682128552167166,1.0100392033976893,0.4093522480549573,0.5967998221597632
44,teacher4_seg_cls_coupling,train,0.47652051856323163,0.6545127757958004,0.8826530612244898,0.8836102812436946,0.8821738249727193,0.7371639591090533,0.634750525866236,0.008928571428571428,0.10586734693877552,1.6332271598701276,0.8941326530612245,0.44918555282792805,0.0,3.35939849770133e-05,0.23326830702776813,0.06818891597949729,0.33209310076674636,0.0036057110303271637,0.2721597364514458,0.3399002509457724,0.08296077614840196,27.70875273918619,0.02766213626091485,0.009842344111886484,0.0004764442207803712,0.21901467111797965,0.007928333452174247,0.05482722841184206,0.47652051856323163,,
44,teacher4_seg_cls_coupling,validation,0.974674549025874,0.4186224133258898,0.7677419354838709,0.8101010101010101,0.753707627118644,0.4495860655063523,0.6740362835859933,0.2129032258064516,0.3580645161290323,0.8199863595990357,0.6419354838709678,0.17708909102659132,0.5906726413828395,0.0,0.4185009543934176,0.1764846517193702,0.575582435823256,0.002512246953894294,0.718035420487004,0.34149162192498483,0.06773808266847364,46.995735217678934,0.10565167650403906,0.000984385029615594,1.1711326677017965e-05,0.525399612082589,0.0003052831970572081,0.1530913596589779,0.974674549025874,0.44775770254187475,0.5906726413828395
45,teacher4_seg_cls_coupling,train,0.4564078541434541,0.66561538133086,0.8813775510204082,0.8811652772625811,0.8805048453947855,0.7577245703765324,0.6555097708288504,0.015306122448979591,0.10331632653061225,3.3647183069137143,0.8966836734693877,0.49420792659229734,0.0,3.339967872426382e-05,0.22586778977087565,0.06442991742027962,0.32214661459533533,0.0036501659814515437,0.26653625299127737,0.3325305596298101,0.08502661566040953,24.83031027657645,0.027040282651685222,0.011867790436609743,0.0005759706947563765,0.18482651827590807,0.01007704761223624,0.05453039012488206,0.4564078541434541,,
45,teacher4_seg_cls_coupling,validation,1.0243882210023942,0.32510208910025623,0.7967741935483871,0.7911616161616162,0.7692880178615729,0.34903598728214913,0.5555592914205909,0.1870967741935484,0.4064516129032258,0.7016241593706383,0.5935483870967742,0.1129397229103702,0.57021626282147,0.0,0.4914404180742079,0.22474517966470411,0.6691896077125303,0.0028089547514795294,0.6329077778324004,0.3397866214475324,0.07038707694699688,53.433967639553934,0.14291811846853836,0.0008688076186386283,2.1006201214115738e-05,0.6279665473968752,0.000368413925835123,0.17826617099945583,1.0243882210023942,0.3964472210658078,0.57021626282147
46,teacher4_seg_cls_coupling,train,0.45321590331744177,0.6579465339986645,0.9145408163265306,0.9136319554279837,0.9139493243298588,0.7566624910247569,0.6451050444525115,0.012755102040816327,0.08673469387755102,2.698553226434937,0.9132653061224489,0.4584613826749349,0.0,3.3128976563011174e-05,0.23049068686609364,0.06428083584510855,0.3293201771317696,0.003623700900269406,0.23747269816848696,0.32595500836567004,0.08439167733399236,27.319543804441178,0.023786100703787547,0.009419760420889954,0.00044094121529974936,0.18890309945813247,0.007350998808074017,0.06003021370448476,0.45321590331744177,,
46,teacher4_seg_cls_coupling,validation,0.9583889492096439,0.3998880457701513,0.7935483870967742,0.825,0.7771888055343426,0.45925549653634207,0.5089410702197874,0.08064516129032258,0.29354838709677417,0.9038589645984012,0.7064516129032258,0.12184371639782157,0.5696432586054508,0.0,0.42951407432556155,0.1906298870521207,0.5870021324003897,0.0030523016643259795,0.6599333808306724,0.3219844633533109,0.07859184453564305,48.472881858579576,0.10605126654526459,0.0011168533578916873,1.7139421986705144e-05,0.5148765553389826,0.0004767542858439077,0.14441440453632703,0.9583889492096439,0.4653313177394329,0.5696432586054508
47,teacher4_seg_cls_coupling,train,0.44038285482294703,0.679380193048594,0.8992346938775511,0.9016620679308298,0.8992305952677297,0.7662836428807707,0.6605405472979253,0.011479591836734694,0.08545918367346939,1.5247718317277985,0.9145408163265306,0.46590695636146595,0.0,3.27831973269741e-05,0.2164589189449135,0.0675413106872263,0.3064957717243506,0.00351347305042175,0.251956543219941,0.31883193795778314,0.08118831237055818,25.31011335217223,0.021992134206217942,0.007296842515791709,0.0003149421477896145,0.18906559679201063,0.005158472035502052,0.05398093733214298,0.44038285482294703,,
47,teacher4_seg_cls_coupling,validation,1.0287020144924042,0.4359649830067736,0.6709677419354839,0.7320707070707071,0.6621794871794872,0.48490400430689057,0.603476361920659,0.13548387096774195,0.3032258064516129,0.9762799771602588,0.6967741935483871,0.1779636953619634,0.569840514688224,0.0,0.39750934060542814,0.14757896668968662,0.5543785722024979,0.0026854059568816617,0.869760739034222,0.3200404828594577,0.07821619270309325,44.94000502555601,0.09626862428774456,0.0011598623675038858,1.4207989249459182e-05,0.48183876703823764,0.00044663201666891487,0.1320770806948384,1.0287020144924042,0.4406081344480231,0.569840514688224
48,teacher4_seg_cls_coupling,train,0.4320341400345977,0.6875844920168117,0.9119897959183674,0.9109732600827973,0.9114177966781674,0.7628367400291015,0.6721013392112694,0.008928571428571428,0.10204081632653061,1.565605639906269,0.8979591836734694,0.5176306248650655,0.0,3.2364025617832946e-05,0.21248788363775428,0.06187473435182961,0.3025647857967688,0.0035209610407259694,0.2470787005613045,0.3125645831531408,0.08342139955077853,24.740754331861222,0.02429748150461819,0.008838253208597628,0.000405961674617601,0.19683926978281566,0.0067503572427828045,0.05059261035592276,0.4320341400345977,,
48,teacher4_seg_cls_coupling,validation,1.165641132093245,0.4363797901616861,0.6548387096774193,0.7371212121212121,0.6503820816864295,0.48337851907055635,0.5803730400632838,0.12903225806451613,0.32903225806451614,0.9330113564268494,0.6709677419354839,0.1832939512679911,0.568786789587965,0.0,0.40979033650890473,0.1900023863680901,0.5569520650371429,0.0027091414051791354,1.1261718678858972,0.31110031354811885,0.08018732445855295,40.10633926391601,0.12408568256707381,0.0011621258623622011,3.1885905756949326e-05,0.4877926251580638,0.0003883042013424734,0.12112991255332506,1.165641132093245,0.43821635683014654,0.568786789587965
49,teacher4_seg_cls_coupling,train,0.4435260174225788,0.6737044438415644,0.9056122448979592,0.9072572504119367,0.9055083227466693,0.7424022895949227,0.6710208225615171,0.02040816326530612,0.11479591836734694,1.5119301370499028,0.8852040816326531,0.49041771897327013,0.0,3.1873503598019674e-05,0.22126534816866017,0.05975206555532558,0.31690939287750086,0.0033623263315886867,0.25357563269077515,0.3058348328483348,0.07931332373801543,24.353863978872493,0.026791458786925543,0.00921038004251349,0.00043100600915211694,0.19863050818747405,0.007280025663485689,0.06374970191082328,0.4435260174225788,,
49,teacher4_seg_cls_coupling,validation,1.1261840974130939,0.386707100552459,0.6741935483870968,0.7474747474747475,0.6678019331359879,0.42506157578949433,0.5654259987447535,0.13225806451612904,0.34516129032258064,0.7686683162035275,0.6548387096774193,0.11334270748473974,0.5590514756429505,0.0,0.4507696899675554,0.22793637446818812,0.6054003354041807,0.0027538647664891135,0.9178043621201669,0.3005403726331649,0.07258528980516618,50.06765326223066,0.11680202981890855,0.0009469319049047396,1.6847193335472126e-05,0.5532828035373841,0.000315367225113967,0.1449019945917591,1.1261840974130939,0.414883233176081,0.5590514756429505
50,teacher4_seg_cls_coupling,train,0.40937595586387476,0.6930086618783523,0.9272959183673469,0.9267806935332709,0.927033686180192,0.7643443041918229,0.6811720923501619,0.011479591836734694,0.09693877551020408,1.4967846110339975,0.9030612244897959,0.49289986383795376,0.0,3.13140210415077e-05,0.20808293928905408,0.05779782157125218,0.2973817428764032,0.003353585870413832,0.21853298283353143,0.2986607122786191,0.08084012438752214,23.97308533532279,0.024554706775159835,0.009136263148060866,0.00043350068487913574,0.18598720834267382,0.0072267212594388,0.04888601931363192,0.40937595586387476,,
50,teacher4_seg_cls_coupling,validation,0.9778880515406209,0.44897079317286254,0.7451612903225806,0.7843434343434343,0.7302001740644037,0.4892492511097904,0.6001578247930581,0.11290322580645161,0.267741935483871,0.9383802816901409,0.7322580645161291,0.1523798662982712,0.5633885196741738,0.0,0.3903000635485495,0.14720620710042215,0.5434101977655964,0.0028189724258657904,0.811240315821863,0.3019100785255432,0.07032026533157595,41.250963247975996,0.10519256416450991,0.0011465492838103654,1.2274930873724272e-05,0.48363702292403865,0.0004090743201349171,0.1351952956503092,0.9778880515406209,0.47039141405539003,0.5633885196741738
51,teacher4_seg_cls_coupling,train,0.44460140944135434,0.6555251646406797,0.9158163265306123,0.9136007502784236,0.9148852174256331,0.7487160162049897,0.6440749998603549,0.017857142857142856,0.11352040816326531,2.1842164701630753,0.8864795918367347,0.4627449733679283,0.0,3.0688303691073376e-05,0.23013896160587974,0.056648674687104564,0.3317310445162715,0.003516233452519744,0.22829475808812646,0.2920165752269784,0.08322665954426843,26.226717593718547,0.03363981313735594,0.011698539826154177,0.0005767637707767604,0.1909147110976735,0.009660170771189304,0.06171710907757206,0.44460140944135434,,
51,teacher4_seg_cls_coupling,validation,1.215135137881002,0.3485713311510926,0.6580645161290323,0.7393939393939394,0.6533901523142484,0.35028529325607904,0.6599387120816016,0.24516129032258063,0.4483870967741935,0.6545964979063571,0.5516129032258065,0.11699339514930551,0.5437106408039287,0.0,0.4901297618304529,0.2542650533299292,0.6558629958860336,0.002525671038235868,0.9862220674753189,0.2833867036527203,0.0648451148982971,53.24673567741148,0.15482506767016715,0.0008137258247922046,1.4697620293102978e-05,0.6356791015594236,0.00026559327234281226,0.16225669830173794,1.215135137881002,0.36849963969021066,0.5437106408039287
52,teacher5_report_ready_polish,train,0.47179679831071775,0.6649126675055952,0.8966836734693877,0.9012441273139526,0.8966633308111012,0.7493044207898938,0.6594017777515917,0.026785714285714284,0.10586734693877552,1.3656624869297458,0.8941326530612245,0.45240264930484286,0.0,2.5312500000000002e-05,0.22633985878557575,0.06933908677678935,0.3209865081066988,0.00363863703357626,0.2685529482455886,0.34860068954983536,0.08663725206742481,27.652038009799256,0.0262518850292824,0.009868258479697516,0.00046823393536122204,0.20304081174640023,0.007880370328704736,0.05981906202422189,0.47179679831071775,,
52,teacher5_report_ready_polish,validation,0.9269817763759244,0.401495134415645,0.8161290322580645,0.8277777777777777,0.7952467583633646,0.44710768929564626,0.5303214113798833,0.07096774193548387,0.2838709677419355,1.0029659941631772,0.7161290322580646,0.1305120930733045,0.5333011232092124,0.0,0.42354617099608144,0.16087396457310646,0.5892822380988828,0.0029423803091049193,0.6040246657786831,0.34315203235995384,0.07599806054945915,41.76684479251985,0.10526152912244734,0.0012229151412611826,1.962948352288109e-05,0.5232233985297141,0.0005376047278039022,0.1548882139861704,0.9269817763759244,0.46809974426807655,0.5333011232092124
53,teacher5_report_ready_polish,train,0.4521424995393169,0.6754976009227791,0.8966836734693877,0.8996077358146324,0.8964273773312565,0.7570401643003736,0.6659621733183764,0.01913265306122449,0.09821428571428571,1.79875363573973,0.9017857142857143,0.4661734480045948,0.0,2.524663435134197e-05,0.21674400628829488,0.057301612276279806,0.31086722137976663,0.0035491605165737625,0.26090946139729754,0.3422820218363587,0.08527260904713553,25.74235335174872,0.02683369286149878,0.01100630514865399,0.0005334827435351089,0.18207830787465282,0.008981081679719085,0.045782067181010334,0.4521424995393169,,
53,teacher5_report_ready_polish,validation,0.9973198744558519,0.3940116933651385,0.7645161290322581,0.7946969696969697,0.7472609700800769,0.4340377917322723,0.6336924072074949,0.19032258064516128,0.33548387096774196,0.8632073975383835,0.6645161290322581,0.1338030842320095,0.5283368313149748,0.0,0.42780632367057186,0.16003469375352705,0.5961959731194281,0.0027028222448162494,0.6847012358327066,0.33843129258002,0.0715341922736937,47.29483204503213,0.1360787019288006,0.0010273888999138088,1.3945475867301631e-05,0.5315535455942154,0.0003779617592367539,0.15326909008886544,0.9973198744558519,0.4366041219364338,0.5283368313149748
54,teacher5_report_ready_polish,train,0.4383900757042729,0.6770189142957026,0.9043367346938775,0.9019347100542345,0.9034531903958912,0.7616175504363313,0.665334842338854,0.021683673469387755,0.09438775510204081,1.974126258732995,0.9056122448979592,0.5098376701952186,0.0,2.5049759043197867e-05,0.21624366323254546,0.05826011915900269,0.30975894173797297,0.0033532951100805433,0.2443666435321983,0.3358290466118832,0.08318859087873479,24.597305317314305,0.027770213722278083,0.009421990197199416,0.00045462399554466805,0.19045531886572742,0.007562468054764357,0.05546959089020229,0.4383900757042729,,
54,teacher5_report_ready_polish,validation,0.8876057367171011,0.4220804032985594,0.8354838709677419,0.8479797979797981,0.8159466350015716,0.4653124674088307,0.5900680981876869,0.1032258064516129,0.2645161290322581,0.9674454383961426,0.7354838709677419,0.17000919643506424,0.5320195584559684,0.0,0.40638316004507,0.14904906264235895,0.5674450605146346,0.0028162141908861455,0.5716704039804397,0.33281666771058116,0.07733255062372454,41.277972953550275,0.10401795152764891,0.0011615298716694065,1.2555132276071573e-05,0.5039785740596633,0.0004669128838530366,0.16445017854904667,0.8876057367171011,0.48409392415623903,0.5320195584559684
55,teacher5_report_ready_polish,train,0.40306111136261297,0.6962900122209471,0.9298469387755102,0.9301249511909411,0.9296729105335693,0.7795644548474526,0.6726224303853755,0.008928571428571428,0.08418367346938775,1.6355396692363227,0.9158163265306123,0.5091031190734303,0.0,2.472403108264251e-05,0.201745656299956,0.053195244300046136,0.289383984950124,0.0034726334008749345,0.210332346509914,0.330345162323543,0.08516185647066758,25.3356704079375,0.02195584459051894,0.008802688832641865,0.00040291244679291577,0.16339543161495607,0.006657847456042465,0.049722185885837794,0.40306111136261297,,
55,teacher5_report_ready_polish,validation,0.8908130118923803,0.4123440798388801,0.8548387096774194,0.8616161616161616,0.8352057270439806,0.44165514633215297,0.5811244674694174,0.12903225806451613,0.33225806451612905,0.874008691790382,0.667741935483871,0.16874523833199684,0.5317490263810167,0.0,0.41937245236289117,0.16341104238264023,0.5819218558649863,0.0027049883156113567,0.5534169449921578,0.33263657343003056,0.07476653648960975,41.874175607004474,0.12020269881886048,0.0010637663268660677,1.8306750080814857e-05,0.5267031125243633,0.00037538314781775095,0.17888992872359533,0.8908130118923803,0.4750415704043756,0.5317490263810167
56,teacher5_report_ready_polish,train,0.4193876905708897,0.6911582761273092,0.9221938775510204,0.9225895675376655,0.9220385014777539,0.7754978628791108,0.6658004047919293,0.01020408163265306,0.09693877551020408,1.6366228052439606,0.9030612244897959,0.502539511818695,0.0,2.427301921337471e-05,0.20841366866109323,0.06590634786846991,0.2947514221376302,0.003486664105700899,0.2265808675058034,0.32495390395728907,0.08727649644929536,24.803128631747498,0.023171633513756,0.008397430774271108,0.0003794451906139088,0.19465493350004665,0.006229671491698299,0.05169594269340896,0.4193876905708897,,
56,teacher5_report_ready_polish,validation,1.0125007144866451,0.45454016565574,0.7516129032258064,0.7921717171717171,0.7370305494045455,0.4655053325104021,0.6628355002373097,0.13225806451612904,0.2645161290322581,0.809081969293237,0.7354838709677419,0.21977766169185706,0.533666936996398,0.0,0.3959494715736758,0.15909169464101713,0.5475772773065875,0.002513244704553677,0.7803121780195544,0.31636199585853086,0.07165047670564344,41.37445329235446,0.09928372091272913,0.000982833883233158,1.3747005716375556e-05,0.5090285284384605,0.00025522218317247837,0.13350060175082856,1.0125007144866451,0.46869397752769865,0.533666936996398
57,teacher5_report_ready_polish,train,0.39182327733356126,0.7113655166966575,0.9349489795918368,0.9325541972290139,0.934348169469206,0.7802024605322857,0.6928593078438117,0.008928571428571428,0.08163265306122448,1.4362069496800436,0.9183673469387755,0.5534247253984111,0.0,2.370166481581447e-05,0.194220740652206,0.051181010284214,0.2785997798248213,0.003356390162276066,0.21562846582763048,0.3181626015171713,0.08348247484893215,22.3343346118927,0.019177819695962207,0.009600238186753906,0.0004600300727194123,0.1712676197366447,0.007639864383106344,0.04911092716763366,0.39182327733356126,,
57,teacher5_report_ready_polish,validation,0.8034367322921753,0.4691432249384641,0.8612903225806452,0.8661616161616161,0.8417221767059689,0.5035070475898328,0.6123798722700499,0.08709677419354839,0.21935483870967742,0.9142082223068139,0.7806451612903226,0.17761475427983914,0.5421803883090811,0.0,0.37319907036519817,0.12375246959347878,0.5261434335862437,0.002677353546624222,0.5084126864710162,0.3147202499451176,0.08036300737050271,37.57737133887506,0.11906682319541072,0.0011394831819944234,2.855674355223234e-05,0.4586580942955709,0.00031788773405658563,0.1361020611343725,0.8034367322921753,0.5179511557699823,0.5421803883090811
58,teacher5_report_ready_polish,train,0.4201411293173323,0.6843777530047358,0.9132653061224489,0.9132653061224489,0.9129110880233142,0.763003374849047,0.6699798475114667,0.016581632653061226,0.11352040816326531,1.439888276388675,0.8864795918367347,0.501457462958908,0.0,2.3016227768305042e-05,0.2081729289220304,0.04934788999926983,0.30078268781000256,0.0032721639525297346,0.233356524486931,0.3135407107825182,0.08354367612271893,23.426860259503734,0.022776576400729585,0.009588070572543966,0.0004679977251651842,0.17979431870792592,0.007805534166705837,0.05295161521347354,0.4201411293173323,,
58,teacher5_report_ready_polish,validation,0.8497190206281601,0.41382737146049037,0.8741935483870967,0.8719696969696971,0.8541176470588235,0.42124977731281116,0.655591923393508,0.13870967741935483,0.31290322580645163,0.7582873366324071,0.6870967741935484,0.16570483168276331,0.5402453165663048,0.0,0.42536503489940397,0.1762240110866485,0.5862499360115297,0.0024659356688179314,0.4728775084018707,0.3133481010313957,0.07941051558140785,44.12875799363659,0.10324035419506536,0.000934469240981402,1.067770922564969e-05,0.5475383068765364,0.0002238220293938573,0.17286379092913723,0.8497190206281601,0.4770387856115369,0.5402453165663048
59,teacher5_report_ready_polish,train,0.42337688256283196,0.695719238142578,0.9107142857142857,0.9152679010322793,0.910667196239167,0.7791422106781785,0.6696872799372187,0.008928571428571428,0.09693877551020408,1.6500596170481379,0.9030612244897959,0.5195622780063882,0.0,2.222421786257587e-05,0.20354849031689215,0.05508532144642454,0.29145254042683816,0.003330156032461673,0.23431780082838877,0.30924065867248846,0.08449151952351842,26.49057507028385,0.02263393490321338,0.008900391611470175,0.0004290281799048713,0.17812138368204541,0.007060445829814185,0.048837765908743044,0.42337688256283196,,
59,teacher5_report_ready_polish,validation,0.9004019698789043,0.4146910497740574,0.8290322580645161,0.8467171717171718,0.8104762893495288,0.4085782818739134,0.6891326798755033,0.19032258064516128,0.3548387096774194,0.739698325085649,0.6451612903225806,0.2326930978450417,0.5361387268010938,0.0,0.4289686539480763,0.17658342065349703,0.5916694368085553,0.0023766746053532246,0.5521779859258282,0.3098909564556614,0.08544094817292305,42.216782059208036,0.13624548223700503,0.0009185049762069661,1.4439790098666919e-05,0.5577591051017085,0.00021218073478291533,0.15558789487657768,0.9004019698789043,0.45615075227867,0.5361387268010938
60,teacher5_report_ready_polish,train,0.39873842545309846,0.7025578913031792,0.9145408163265306,0.9136970430684918,0.914020313126601,0.7896161423045762,0.6738939263990947,0.006377551020408163,0.08035714285714286,2.2452122007373894,0.9196428571428571,0.5337098148258101,0.0,2.133431252489285e-05,0.19888671381132944,0.05471757997055443,0.28439871753965107,0.0034815975457753,0.21870810789417247,0.30470976294303426,0.08407710766305729,22.41787596138156,0.022644149627161155,0.010045636142366471,0.0004854963298180801,0.1779990112979193,0.00808208442782527,0.046382148963950424,0.39873842545309846,,
60,teacher5_report_ready_polish,validation,0.9890672483751851,0.4056993311035071,0.7903225806451613,0.8227272727272728,0.7741309928147875,0.4159558777454239,0.6488339724116935,0.13870967741935483,0.3032258064516129,0.739404897855602,0.6967741935483871,0.190169874810904,0.5318978631630455,0.0,0.4257298275347679,0.16569367018678496,0.5908580003246184,0.0024872500667228333,0.6801142994434602,0.3034552824112677,0.07382077079626821,45.99877390707693,0.12672750236430852,0.0009176371922583184,1.5875537997823313e-05,0.5537144052405512,0.00023855294164076764,0.14379470475739048,0.9890672483751851,0.452420917057487,0.5318978631630455
61,teacher5_report_ready_polish,train,0.42285785109412916,0.6828801260918987,0.9107142857142857,0.9097559864357356,0.9100375062291814,0.7691097898142678,0.6663780747627726,0.015306122448979591,0.10459183673469388,1.7253258824952975,0.8954081632653061,0.4951373209389386,0.0,2.0356261744360296e-05,0.211183385733439,0.05249219813517162,0.30418618175448203,0.003393249198965424,0.23325962330005606,0.3008979346070971,0.08398147512759481,23.30640008011643,0.022993096519527096,0.008596108449451929,0.000405029190711057,0.18238224613727355,0.006724932309559651,0.05525734535969642,0.42285785109412916,,
61,teacher5_report_ready_polish,validation,0.9310574631537161,0.45982394628411205,0.8032258064516129,0.8252525252525252,0.7846707432332412,0.501104124062441,0.6187381061750619,0.14193548387096774,0.3,0.883866260626824,0.7,0.2107220781587699,0.5370999204876804,0.0,0.3903607803006326,0.1763237378529964,0.5323329810173281,0.002634190125090461,0.661322998039184,0.29174247518662483,0.07830056677902898,42.09050733504757,0.1269716477142215,0.001102205003788244,1.9685690665116247e-05,0.475171663011274,0.00031624495440478164,0.1303098107417745,0.9310574631537161,0.48777396394289046,0.5370999204876804
62,teacher5_report_ready_polish,train,0.4216476034144966,0.6963007666018545,0.9158163265306123,0.9167729840914417,0.9156180896655643,0.7825655335066269,0.66764783463916,0.006377551020408163,0.08673469387755102,1.7756799635920029,0.9132653061224489,0.5239095528648734,0.0,1.9300781250000017e-05,0.20214748580236824,0.05434184420701801,0.28956911758500703,0.003421055188649619,0.23264099475072356,0.2969593205014054,0.08335153735717948,26.76662774961822,0.021143360072677083,0.009961266615855679,0.00047449537285093374,0.18693350772468412,0.00808934166051196,0.04971729984449945,0.4216476034144966,,
62,teacher5_report_ready_polish,validation,0.8901219464117481,0.4823988422922804,0.7967741935483871,0.8272727272727273,0.780253164556962,0.5107514778318789,0.6358559059162167,0.1064516129032258,0.25483870967741934,0.9067615150361629,0.7451612903225806,0.22526742154085336,0.5446922316097841,0.0,0.36548778039793817,0.12692493712229114,0.5130724783866636,0.002594496109973519,0.6561814900367491,0.28881415974709296,0.07194690281344998,37.05094921973444,0.09714762628575573,0.0011149606564304709,1.2720399480449193e-05,0.4579868976627627,0.0003047678693497625,0.1236957527997513,0.8901219464117481,0.5022656941986012,0.5446922316097841
63,teacher5_report_ready_polish,train,0.3861408536227382,0.712118419457455,0.9362244897959183,0.9374202286994349,0.9361908544565479,0.8049704301722196,0.684308005838978,0.00510204081632653,0.05994897959183673,2.0833883937429554,0.9400510204081632,0.5477262108158669,0.0,1.817943510698171e-05,0.19246558160806188,0.053918788361610195,0.27482286156440267,0.0035103203928364174,0.20896622485348157,0.29400574279074765,0.08498467717851911,22.519442845364008,0.018621787008038265,0.010259674598310828,0.0005226758868808915,0.17135578827286252,0.00819242444621133,0.04710701142665835,0.3861408536227382,,
63,teacher5_report_ready_polish,validation,1.0668305124005963,0.4061688894745102,0.7516129032258064,0.7954545454545454,0.7378622651248092,0.4273445827155166,0.6640548120032231,0.21935483870967742,0.38387096774193546,0.7749175231569598,0.6161290322580645,0.18144434472471846,0.5368968630289553,0.0,0.4333399079499706,0.19923671195583958,0.5896630994735226,0.002497253491873703,0.7826733562254137,0.2842380750563837,0.0791959366490764,47.45144730844805,0.1293124122678907,0.0009513264909694572,1.4583398206013954e-05,0.5493259290533681,0.00027316373756137535,0.13891215525687703,1.0668305124005963,0.4318478967612159,0.5368968630289553
